"St.num.";"Station name";"St.num.";"Station name";;0,50;"Time1";"Time add";"Time2";;"Dist. ticket";"Ticket Wo";"Ticket Nw";"Serv.";"Interch.";"Dist. real";"Comment"
1;"Bergen";2;"Arna";;;5,22;;5,22;;9,3500;69,90;41,94;72;;9,350;
1;"Bergen";3;"Tysse";13,34;0,00;13,34;;13,34;;26,9260;120,27;72,16;36;;26,926;
1;"Bergen";4;"Kvam-Jondal";20,21;3,56;21,99;;21,99;;54,3420;201,98;121,19;36;;54,342;
1;"Bergen";5;"Odda";27,96;7,22;31,57;;31,57;;85,5960;290,60;174,36;36;;85,596;
1;"Bergen";6;"Røldal";36,22;11,89;42,17;;42,17;;121,4260;391,12;234,67;36;;121,426;
1;"Bergen";7;"Sauda";44,61;15,33;52,28;;52,28;;154,6690;480,98;288,59;16;;154,669;
1;"Bergen";8;"Ølen";52,33;19,38;62,02;;62,02;;186,8590;566,03;339,62;16;;186,859;
1;"Bergen";9;"Aksdal";59,91;23,39;71,60;;71,60;;219,1490;651,60;390,96;16;;219,149;
1;"Bergen";10;"Haugesund";62,12;27,24;75,74;1,93;77,66;;228,8290;674,56;404,74;16;;228,829;
1;"Bergen";11;"Kårstø";62,00;23,39;73,70;9,92;83,61;;226,8530;669,47;401,68;16;;226,853;
1;"Bergen";12;"Stavanger";73,19;27,10;86,75;9,92;96,66;;275,9730;791,82;475,09;32;;275,973;
1;"Bergen";13;"Haukeligrend";50,17;16,11;58,22;;58,22;;179,8040;547,60;328,56;24;;179,804;
1;"Bergen";14;"Åmot";57,94;20,38;68,13;;68,13;;213,1780;636,20;381,72;24;;213,178;
1;"Bergen";15;"Brunkeberg";65,75;24,57;78,03;;78,03;;245,8100;717,48;430,49;24;;245,810;
1;"Bergen";16;"Bø";74,24;28,67;88,58;;88,58;;281,4270;806,48;483,89;24;;281,427;
1;"Bergen";17;"Nordagutu";77,90;33,43;94,62;10,02;104,64;;298,4040;847,60;508,56;8;0,50;298,404;
1;"Bergen";18;"Skien";86,60;36,11;104,66;10,02;114,68;;328,8340;918,76;551,26;16;0,50;328,834;
1;"Bergen";19;"Notodden";80,28;33,67;97,12;;97,12;;310,7700;876,28;525,77;16;;310,770;
1;"Bergen";20;"Kongsberg";88,31;37,73;107,18;;107,18;;338,2622;942,08;565,25;16;;338,262;
1;"Bergen";21;"Eiker";92,44;44,41;114,64;;114,64;;360,6080;992,68;595,61;16;;360,608;
1;"Bergen";22;"Drammen";95,03;47,87;118,97;;118,97;;370,5000;1015,36;609,22;32;;370,500;
1;"Bergen";23;"Nesbru";104,73;47,87;128,66;5,00;133,66;;392,5100;1064,55;638,73;32;0,50;392,510;
1;"Bergen";24;"Majorstua";108,59;51,41;134,29;2,27;136,56;;407,8100;1097,54;658,52;32;;407,810;
1;"Bergen";25;"Oslo S";112,44;51,41;138,15;2,27;140,41;;411,3300;1106,26;663,75;32;;411,330;
1;"Bergen";26;"Holmestrand";;;134,72;10,00;144,72;;402,4000;1086,59;651,95;32;1,00;402,400;"ic. Dr 10min"
1;"Bergen";27;"Tønsberg";;;163,66;-0,66;162,99;;406,0140;1095,35;657,21;32;0,50;406,014;"ic. Dr 10min"
1;"Bergen";28;"Sandefjord";;;141,66;11,07;152,73;;380,7040;1037,84;622,70;16;0,50;380,704;"ic. Bø 10min"
1;"Bergen";29;"Larvik";;;123,66;11,07;134,73;;361,5640;994,96;596,97;16;0,50;361,564;"ic. Bø 10min"
1;"Bergen";30;"Porsgrunn";;;111,16;11,07;122,23;;336,7240;937,43;562,46;16;0,50;336,724;"ic. Bø 10min"
1;"Bergen";31;"Drangedal";;;117,58;15,00;132,58;;323,7240;907,02;544,21;16;1,00;323,724;
1;"Bergen";32;"Gjerstad";;;142,58;15,00;157,58;;355,8140;981,26;588,76;16;1,00;355,814;
1;"Bergen";33;"Arendal";;;222,58;15,00;237,58;;436,3940;1160,03;696,02;16;1,00;436,394;
1;"Bergen";34;"Kristiansand";;;237,58;15,00;252,58;;484,0540;1259,78;755,87;16;1,00;484,054;
2;"Arna";1;"Bergen";;;5,19;;5,19;;9,3500;69,90;41,94;72;;9,350;
2;"Arna";3;"Tysse";;;7,07;;7,07;;17,5760;93,68;56,21;36;;17,576;
2;"Arna";4;"Kvam-Jondal";13,94;3,56;15,72;;15,72;;44,9920;172,98;103,79;36;;44,992;
2;"Arna";5;"Odda";21,68;7,22;25,29;;25,29;;76,2460;265,07;159,04;36;;76,246;
2;"Arna";6;"Røldal";29,95;11,89;35,89;;35,89;;112,0760;366,23;219,74;36;;112,076;
2;"Arna";7;"Sauda";38,34;15,33;46,01;;46,01;;145,3190;456,68;274,01;16;;145,319;
2;"Arna";8;"Ølen";46,06;19,38;55,74;;55,74;;177,5090;542,32;325,39;16;;177,509;
2;"Arna";9;"Aksdal";53,64;23,39;65,33;;65,33;;209,7990;625,90;375,54;16;;209,799;
2;"Arna";10;"Haugesund";55,84;27,24;69,46;1,93;71,39;;219,4790;651,60;390,96;16;;219,479;
2;"Arna";11;"Kårstø";55,73;23,39;67,42;9,92;77,34;;217,5030;646,48;387,89;16;;217,503;
2;"Arna";12;"Stavanger";66,92;27,10;80,47;9,92;90,39;;266,6230;769,71;461,83;32;;266,623;
2;"Arna";13;"Haukeligrend";43,90;16,11;51,95;;51,95;;170,4540;523,76;314,26;24;;170,454;
2;"Arna";14;"Åmot";51,67;20,38;61,86;;61,86;;203,8280;610,38;366,23;24;;203,828;
2;"Arna";15;"Brunkeberg";59,48;24,57;71,76;;71,76;;236,4600;694,83;416,90;24;;236,460;
2;"Arna";16;"Bø";67,97;28,67;82,31;;82,31;;272,0770;784,47;470,68;24;;272,077;
2;"Arna";17;"Nordagutu";71,63;33,43;88,34;10,02;98,37;;289,0540;825,90;495,54;8;0,50;289,054;
2;"Arna";18;"Skien";80,33;36,11;98,38;10,02;108,40;;319,4840;897,60;538,56;16;0,50;319,484;
2;"Arna";19;"Notodden";74,01;33,67;90,85;;90,85;;301,4200;854,80;512,88;16;;301,420;
2;"Arna";20;"Kongsberg";82,04;37,73;100,90;;100,90;;328,9122;918,76;551,26;16;;328,912;
2;"Arna";21;"Eiker";86,16;44,41;108,37;;108,37;;351,2580;972,10;583,26;16;;351,258;
2;"Arna";22;"Drammen";88,76;47,87;112,70;;112,70;;361,1500;994,96;596,97;32;;361,150;
2;"Arna";23;"Nesbru";98,45;47,87;122,39;5,00;127,39;;383,1600;1044,54;626,73;32;0,50;383,160;
2;"Arna";24;"Majorstua";102,32;51,41;128,02;2,27;130,29;;398,4600;1077,80;646,68;32;;398,460;
2;"Arna";25;"Oslo S";106,17;51,41;131,87;2,27;134,14;;401,9800;1084,40;650,64;32;;401,980;
2;"Arna";26;"Holmestrand";;;128,45;10,00;138,45;;393,0500;1066,76;640,06;32;1,00;393,050;
2;"Arna";27;"Tønsberg";;;157,38;-0,66;156,72;;396,6640;1073,39;644,03;32;0,50;396,664;
2;"Arna";28;"Sandefjord";;;135,38;11,07;146,45;;371,3540;1017,62;610,57;16;0,50;371,354;
2;"Arna";29;"Larvik";;;117,38;11,07;128,45;;352,2140;974,39;584,63;16;0,50;352,214;
2;"Arna";30;"Porsgrunn";;;104,88;11,07;115,95;;327,3740;916,42;549,85;16;0,50;327,374;
2;"Arna";31;"Drangedal";;;111,31;15,00;126,31;;314,3740;885,78;531,47;16;1,00;314,374;
2;"Arna";32;"Gjerstad";;;136,31;15,00;151,31;;346,4640;960,59;576,35;16;1,00;346,464;
2;"Arna";33;"Arendal";;;216,31;15,00;231,31;;427,0440;1140,82;684,49;16;1,00;427,044;
2;"Arna";34;"Kristiansand";;;231,31;15,00;246,31;;474,7040;1239,38;743,63;16;1,00;474,704;
3;"Tysse";1;"Bergen";13,15;0,00;13,15;;13,15;;26,9260;120,27;72,16;36;;26,926;
3;"Tysse";2;"Arna";;;6,91;;6,91;;17,5760;93,68;56,21;36;;17,576;
3;"Tysse";4;"Kvam-Jondal";;;9,38;;9,38;;27,4160;123,22;73,93;18;;27,416;
3;"Tysse";5;"Odda";17,13;3,65;18,95;;18,95;;58,6700;213,52;128,11;18;;58,670;
3;"Tysse";6;"Røldal";25,39;8,33;29,55;;29,55;;94,5000;315,98;189,59;18;;94,500;
3;"Tysse";7;"Sauda";33,78;11,76;39,66;;39,66;;127,7430;407,62;244,57;8;;127,743;
3;"Tysse";8;"Ølen";41,50;15,81;49,40;;49,40;;159,9330;494,40;296,64;8;;159,933;
3;"Tysse";9;"Aksdal";49,08;19,82;58,99;;58,99;;192,2230;581,75;349,05;8;;192,223;
3;"Tysse";10;"Haugesund";51,29;23,67;63,12;1,93;65,05;;201,9030;605,20;363,12;8;;201,903;
3;"Tysse";11;"Kårstø";51,17;19,82;61,08;9,92;71,00;;199,9270;600,00;360,00;8;;199,927;
3;"Tysse";12;"Stavanger";62,36;23,54;74,13;9,92;84,05;;249,0470;727,50;436,50;16;;249,047;
3;"Tysse";13;"Haukeligrend";39,34;12,55;45,61;;45,61;;152,8780;475,59;285,35;12;;152,878;
3;"Tysse";14;"Åmot";47,11;16,82;55,52;;55,52;;186,2520;566,03;339,62;12;;186,252;
3;"Tysse";15;"Brunkeberg";54,92;21,01;65,42;;65,42;;218,8840;649,04;389,42;12;;218,884;
3;"Tysse";16;"Bø";63,41;25,10;75,96;;75,96;;254,5010;739,98;443,99;12;;254,501;
3;"Tysse";17;"Nordagutu";67,07;29,87;82,00;10,70;92,70;;271,4780;782,02;469,21;8;0,75;271,478;
3;"Tysse";18;"Skien";75,77;32,55;92,04;10,02;102,06;;301,9080;854,80;512,88;12;0,50;301,908;
3;"Tysse";19;"Notodden";69,45;30,11;84,51;;84,51;;283,8440;811,34;486,81;8;;283,844;
3;"Tysse";20;"Kongsberg";77,48;34,17;94,56;;94,56;;311,3362;878,66;527,19;8;;311,336;
3;"Tysse";21;"Eiker";81,60;40,85;102,03;;102,03;;333,6820;930,44;558,27;8;;333,682;
3;"Tysse";22;"Drammen";84,20;44,31;106,36;;106,36;;343,5740;953,66;572,20;16;;343,574;
3;"Tysse";23;"Nesbru";93,89;44,31;116,05;5,00;121,05;;365,5840;1004,04;602,43;16;0,50;365,584;
3;"Tysse";24;"Majorstua";97,76;47,84;121,68;2,27;123,94;;380,8840;1037,84;622,70;16;;380,884;
3;"Tysse";25;"Oslo S";101,61;47,84;125,53;2,27;127,80;;384,4040;1046,78;628,07;16;;384,404;
3;"Tysse";26;"Holmestrand";;;122,11;10,00;132,11;;375,4740;1026,62;615,97;16;1,00;375,474;
3;"Tysse";27;"Tønsberg";;;151,04;-0,66;150,38;;379,0880;1035,60;621,36;16;0,50;379,088;
3;"Tysse";28;"Sandefjord";;;129,04;11,07;140,11;;353,7780;976,68;586,01;12;0,50;353,778;
3;"Tysse";29;"Larvik";;;111,04;11,07;122,11;;334,6380;932,78;559,67;12;0,50;334,638;
3;"Tysse";30;"Porsgrunn";;;98,54;11,07;109,61;;309,7980;873,90;524,34;12;0,50;309,798;
3;"Tysse";31;"Drangedal";;;104,96;15,00;119,96;;296,7980;842,79;505,67;8;1,00;296,798;
3;"Tysse";32;"Gjerstad";;;129,96;15,00;144,96;;328,8880;918,76;551,26;8;1,00;328,888;
3;"Tysse";33;"Arendal";;;209,96;15,00;224,96;;409,4680;1101,90;661,14;8;1,00;409,468;
3;"Tysse";34;"Kristiansand";;;224,96;15,00;239,96;;457,1280;1204,24;722,54;8;1,00;457,128;
4;"Kvam-Jondal";1;"Bergen";19,87;3,62;21,68;;21,68;;54,3420;201,98;121,19;36;;54,342;
4;"Kvam-Jondal";2;"Arna";13,63;3,62;15,45;;15,45;;44,9920;172,98;103,79;36;;44,992;
4;"Kvam-Jondal";3;"Tysse";;;9,30;;9,30;;27,4160;123,22;73,93;18;;27,416;
4;"Kvam-Jondal";5;"Odda";;;10,35;;10,35;;31,2540;134,98;80,99;18;;31,254;
4;"Kvam-Jondal";6;"Røldal";18,61;4,67;20,95;;20,95;;67,0840;239,38;143,63;18;;67,084;
4;"Kvam-Jondal";7;"Sauda";27,01;8,11;31,06;;31,06;;100,3270;332,80;199,68;8;;100,327;
4;"Kvam-Jondal";8;"Ølen";34,72;12,16;40,80;;40,80;;132,5170;421,31;252,79;8;;132,517;
4;"Kvam-Jondal";9;"Aksdal";42,30;16,17;50,39;;50,39;;164,8070;507,78;304,67;8;;164,807;
4;"Kvam-Jondal";10;"Haugesund";44,51;20,02;54,52;1,93;56,45;;174,4870;534,38;320,63;8;;174,487;
4;"Kvam-Jondal";11;"Kårstø";44,40;16,17;52,48;9,92;62,40;;172,5110;529,07;317,44;8;;172,511;
4;"Kvam-Jondal";12;"Stavanger";55,59;19,89;65,53;9,92;75,45;;221,6310;656,72;394,03;16;;221,631;
4;"Kvam-Jondal";13;"Haukeligrend";32,56;8,89;37,01;;37,01;;125,4620;402,12;241,27;12;;125,462;
4;"Kvam-Jondal";14;"Åmot";40,34;13,16;46,92;;46,92;;158,8360;491,72;295,03;12;;158,836;
4;"Kvam-Jondal";15;"Brunkeberg";48,14;17,35;56,82;;56,82;;191,4680;579,14;347,48;12;;191,468;
4;"Kvam-Jondal";16;"Bø";56,64;21,45;67,36;;67,36;;227,0850;672,02;403,21;12;;227,085;
4;"Kvam-Jondal";17;"Nordagutu";60,30;26,21;73,40;10,70;84,10;;244,0620;714,98;428,99;8;0,75;244,062;
4;"Kvam-Jondal";18;"Skien";68,99;28,90;83,44;10,02;93,46;;274,4920;789,38;473,63;12;0,50;274,492;
4;"Kvam-Jondal";19;"Notodden";62,68;26,45;75,90;;75,90;;256,4280;744,95;446,97;8;;256,428;
4;"Kvam-Jondal";20;"Kongsberg";70,71;30,51;85,96;;85,96;;283,9202;811,34;486,81;8;;283,920;
4;"Kvam-Jondal";21;"Eiker";74,83;37,19;93,43;;93,43;;306,2660;866,75;520,05;8;;306,266;
4;"Kvam-Jondal";22;"Drammen";77,43;40,65;97,76;;97,76;;316,1580;890,51;534,31;16;;316,158;
4;"Kvam-Jondal";23;"Nesbru";87,12;40,65;107,45;5,00;112,45;;338,1680;942,08;565,25;16;0,50;338,168;
4;"Kvam-Jondal";24;"Majorstua";90,98;44,19;113,08;2,27;115,34;;353,4680;976,68;586,01;16;;353,468;
4;"Kvam-Jondal";25;"Oslo S";94,84;44,19;116,93;2,27;119,20;;356,9880;983,55;590,13;16;;356,988;
4;"Kvam-Jondal";26;"Holmestrand";;;113,51;10,00;123,51;;348,0580;965,20;579,12;16;1,00;348,058;
4;"Kvam-Jondal";27;"Tønsberg";;;142,44;-0,66;141,78;;351,6720;972,10;583,26;16;0,50;351,672;
4;"Kvam-Jondal";28;"Sandefjord";;;120,44;11,07;131,51;;326,3620;914,07;548,44;12;0,50;326,362;
4;"Kvam-Jondal";29;"Larvik";;;102,44;11,07;113,51;;307,2220;869,14;521,48;12;0,50;307,222;
4;"Kvam-Jondal";30;"Porsgrunn";;;89,94;11,07;101,01;;282,3820;808,91;485,35;12;0,50;282,382;
4;"Kvam-Jondal";31;"Drangedal";;;96,36;15,00;111,36;;269,3820;777,10;466,26;8;1,00;269,382;
4;"Kvam-Jondal";32;"Gjerstad";;;121,36;15,00;136,36;;301,4720;854,80;512,88;8;1,00;301,472;
4;"Kvam-Jondal";33;"Arendal";;;201,36;15,00;216,36;;382,0520;1042,31;625,39;8;1,00;382,052;
4;"Kvam-Jondal";34;"Kristiansand";;;216,36;15,00;231,36;;429,7120;1145,10;687,06;8;1,00;429,712;
5;"Odda";1;"Bergen";27,76;7,04;31,27;;31,27;;85,5960;290,60;174,36;36;;85,596;
5;"Odda";2;"Arna";21,52;7,04;25,04;;25,04;;76,2460;265,07;159,04;36;;76,246;
5;"Odda";3;"Tysse";17,18;3,41;18,89;;18,89;;58,6700;213,52;128,11;18;;58,670;
5;"Odda";4;"Kvam-Jondal";;;10,25;;10,25;;31,2540;134,98;80,99;18;;31,254;
5;"Odda";6;"Røldal";;;11,89;;11,89;;35,8300;146,70;88,02;18;;35,830;
5;"Odda";7;"Sauda";20,28;3,44;22,00;;22,00;;69,0730;245,10;147,06;8;;69,073;
5;"Odda";8;"Ølen";27,99;7,49;31,74;;31,74;;101,2630;335,60;201,36;8;;101,263;
5;"Odda";9;"Aksdal";35,58;11,50;41,32;;41,32;;133,5530;424,04;254,43;8;;133,553;
5;"Odda";10;"Haugesund";37,78;15,35;45,46;1,93;47,38;;143,2330;451,26;270,76;8;;143,233;
5;"Odda";11;"Kårstø";37,67;11,50;43,42;9,92;53,33;;141,2570;445,84;267,50;8;;141,257;
5;"Odda";12;"Stavanger";48,86;15,21;56,47;9,92;66,38;;190,3770;576,52;345,91;16;;190,377;
5;"Odda";13;"Haukeligrend";25,83;4,22;27,94;;27,94;;94,2080;315,98;189,59;12;;94,208;
5;"Odda";14;"Åmot";33,61;8,49;37,85;;37,85;;127,5820;407,62;244,57;12;;127,582;
5;"Odda";15;"Brunkeberg";41,41;12,68;47,75;;47,75;;160,2140;497,08;298,25;12;;160,214;
5;"Odda";16;"Bø";49,91;16,78;58,30;;58,30;;195,8310;589,58;353,75;12;;195,831;
5;"Odda";17;"Nordagutu";53,57;21,54;64,34;10,70;75,04;;212,8080;633,63;380,18;8;0,75;212,808;
5;"Odda";18;"Skien";62,26;24,23;74,38;10,02;84,40;;243,2380;712,46;427,48;12;0,50;243,238;
5;"Odda";19;"Notodden";55,95;21,78;66,84;;66,84;;225,1740;666,92;400,15;8;;225,174;
5;"Odda";20;"Kongsberg";63,98;25,84;76,90;;76,90;;252,6662;734,99;440,99;8;;252,666;
5;"Odda";21;"Eiker";68,10;32,52;84,36;;84,36;;275,0120;791,82;475,09;8;;275,012;
5;"Odda";22;"Drammen";70,70;35,98;88,69;;88,69;;284,9040;813,78;488,27;16;;284,904;
5;"Odda";23;"Nesbru";80,39;35,98;98,38;5,00;103,38;;306,9140;866,75;520,05;16;0,50;306,914;
5;"Odda";24;"Majorstua";84,25;39,52;104,01;2,27;106,28;;322,2140;904,67;542,80;16;;322,214;
5;"Odda";25;"Oslo S";88,11;39,52;107,87;2,27;110,14;;325,7340;911,72;547,03;16;;325,734;
5;"Odda";26;"Holmestrand";;;104,44;10,00;114,44;;316,8040;890,51;534,31;16;1,00;316,804;
5;"Odda";27;"Tønsberg";;;133,38;-0,66;132,71;;320,4180;899,96;539,98;16;0,50;320,418;
5;"Odda";28;"Sandefjord";;;111,38;11,07;122,45;;295,1080;840,38;504,23;12;0,50;295,108;
5;"Odda";29;"Larvik";;;93,38;11,07;104,45;;275,9680;791,82;475,09;12;0,50;275,968;
5;"Odda";30;"Porsgrunn";;;80,88;11,07;91,95;;251,1280;732,50;439,50;12;0,50;251,128;
5;"Odda";31;"Drangedal";;;87,30;15,00;102,30;;238,1280;699,88;419,93;8;1,00;238,128;
5;"Odda";32;"Gjerstad";;;112,30;15,00;127,30;;270,2180;779,56;467,74;8;1,00;270,218;
5;"Odda";33;"Arendal";;;192,30;15,00;207,30;;350,7980;969,80;581,88;8;1,00;350,798;
5;"Odda";34;"Kristiansand";;;207,30;15,00;222,30;;398,4580;1077,80;646,68;8;1,00;398,458;
6;"Røldal";1;"Bergen";35,43;11,54;41,19;;41,19;;121,4260;391,12;234,67;36;;121,426;
6;"Røldal";2;"Arna";29,19;11,54;34,96;;34,96;;112,0760;366,23;219,74;36;;112,076;
6;"Røldal";3;"Tysse";24,85;7,91;28,81;;28,81;;94,5000;315,98;189,59;18;;94,500;
6;"Røldal";4;"Kvam-Jondal";17,92;4,50;20,17;;20,17;;67,0840;239,38;143,63;18;;67,084;
6;"Røldal";5;"Odda";;;11,12;;11,12;;35,8300;146,70;88,02;18;;35,830;
6;"Røldal";7;"Sauda";;;10,78;;10,78;;33,2430;140,84;84,51;8;;33,243;
6;"Røldal";8;"Ølen";18,49;4,05;20,52;;20,52;;65,4330;233,64;140,19;8;;65,433;
6;"Røldal";9;"Aksdal";26,08;8,06;30,11;;30,11;;97,7230;324,40;194,64;8;;97,723;
6;"Røldal";10;"Haugesund";28,28;11,91;34,24;1,93;36,16;;107,4030;352,34;211,40;8;;107,403;
6;"Røldal";11;"Kårstø";28,17;8,06;32,20;9,92;42,12;;105,4270;346,76;208,06;8;;105,427;
6;"Røldal";12;"Stavanger";39,36;11,78;45,25;9,92;55,17;;154,5470;480,98;288,59;16;;154,547;
6;"Røldal";13;"Haukeligrend";;;17,12;;17,12;;58,3780;213,52;128,11;12;;58,378;
6;"Røldal";14;"Åmot";24,89;4,27;27,03;;27,03;;91,7520;307,54;184,52;12;;91,752;
6;"Røldal";15;"Brunkeberg";32,70;8,46;36,93;;36,93;;124,3840;399,38;239,63;12;;124,384;
6;"Røldal";16;"Bø";41,19;12,56;47,47;;47,47;;160,0010;497,08;298,25;12;;160,001;
6;"Røldal";17;"Nordagutu";44,85;17,32;53,51;10,70;64,21;;176,9780;539,67;323,80;8;0,75;176,978;
6;"Røldal";18;"Skien";53,55;20,01;63,55;10,02;73,57;;207,4080;620,74;372,44;12;0,50;207,408;
6;"Røldal";19;"Notodden";47,23;17,56;56,01;;56,01;;189,3440;573,90;344,34;8;;189,344;
6;"Røldal";20;"Kongsberg";55,26;21,62;66,07;;66,07;;216,8362;643,91;386,35;8;;216,836;
6;"Røldal";21;"Eiker";59,38;28,30;73,53;;73,53;;239,1820;702,40;421,44;8;;239,182;
6;"Røldal";22;"Drammen";61,98;31,76;77,86;;77,86;;249,0740;727,50;436,50;16;;249,074;
6;"Røldal";23;"Nesbru";71,67;31,76;87,56;5,00;92,56;;271,0840;782,02;469,21;16;0,50;271,084;
6;"Røldal";24;"Majorstua";75,54;35,30;93,18;2,27;95,45;;286,3840;818,63;491,18;16;;286,384;
6;"Røldal";25;"Oslo S";79,39;35,30;97,04;2,27;99,31;;289,9040;825,90;495,54;16;;289,904;
6;"Røldal";26;"Holmestrand";;;93,61;10,00;103,61;;280,9740;804,04;482,42;16;1,00;280,974;
6;"Røldal";27;"Tønsberg";;;122,55;-0,66;121,89;;284,5880;813,78;488,27;16;0,50;284,588;
6;"Røldal";28;"Sandefjord";;;100,55;11,07;111,62;;259,2780;752,40;451,44;12;0,50;259,278;
6;"Røldal";29;"Larvik";;;82,55;11,07;93,62;;240,1380;704,92;422,95;12;0,50;240,138;
6;"Røldal";30;"Porsgrunn";;;70,05;11,07;81,12;;215,2980;641,34;384,81;12;0,50;215,298;
6;"Røldal";31;"Drangedal";;;76,47;15,00;91,47;;202,2980;607,79;364,67;8;1,00;202,298;
6;"Røldal";32;"Gjerstad";;;101,47;15,00;116,47;;234,3880;689,78;413,87;8;1,00;234,388;
6;"Røldal";33;"Arendal";;;181,47;15,00;196,47;;314,9680;885,78;531,47;8;1,00;314,968;
6;"Røldal";34;"Kristiansand";;;196,47;15,00;211,47;;362,6280;997,23;598,34;8;1,00;362,628;
7;"Sauda";1;"Bergen";44,29;15,13;51,86;;51,86;;154,6816;480,98;288,59;16;;154,682;
7;"Sauda";2;"Arna";38,06;15,13;45,62;;45,62;;145,3316;456,68;274,01;16;;145,332;
7;"Sauda";3;"Tysse";33,72;11,51;39,48;;39,48;;127,7556;407,62;244,57;8;;127,756;
7;"Sauda";4;"Kvam-Jondal";26,79;8,10;30,84;;30,84;;100,3396;332,80;199,68;8;;100,340;
7;"Sauda";5;"Odda";19,99;3,60;21,78;;21,78;;69,0856;245,10;147,06;8;;69,086;
7;"Sauda";6;"Røldal";;;11,41;;11,41;;33,2556;140,84;84,51;8;;33,256;
7;"Sauda";8;"Ølen";;;10,71;;10,71;;32,1900;137,91;82,75;18;;32,190;
7;"Sauda";9;"Aksdal";18,29;4,01;20,30;;20,30;;64,4800;230,78;138,47;20;;64,480;
7;"Sauda";10;"Haugesund";20,50;7,86;24,43;1,93;26,36;;74,1600;259,38;155,63;20;;74,160;
7;"Sauda";11;"Kårstø";20,39;4,01;22,39;9,92;32,31;;72,1840;253,67;152,20;18;;72,184;
7;"Sauda";12;"Stavanger";31,58;7,73;35,44;9,92;45,36;;121,3040;391,12;234,67;36;;121,304;
7;"Sauda";13;"Haukeligrend";;;22,51;;22,51;;78,3376;270,76;162,46;8;;78,338;
7;"Sauda";14;"Åmot";30,28;4,27;32,42;2,14;34,55;;111,7616;363,46;218,07;8;;111,762;
7;"Sauda";15;"Brunkeberg";38,09;8,46;42,32;4,23;46,55;;144,3936;453,98;272,39;8;;144,394;
7;"Sauda";16;"Bø";46,58;12,56;52,86;-3,14;49,72;;180,0106;550,24;330,14;12;;180,011;
7;"Sauda";17;"Nordagutu";50,24;17,32;58,90;6,08;64,98;;196,9876;592,19;355,31;8;0,75;196,988;
7;"Sauda";18;"Skien";58,94;20,01;68,94;6,94;75,88;;227,4176;672,02;403,21;12;0,50;227,418;"ic. Bø 10min"
7;"Sauda";19;"Notodden";52,62;17,56;61,40;-1,89;59,52;;209,3536;625,90;375,54;8;;209,354;
7;"Sauda";20;"Kongsberg";60,65;21,62;71,46;-1,89;69,57;;236,8458;694,83;416,90;8;;236,846;
7;"Sauda";21;"Eiker";64,78;28,30;78,92;-1,89;77,04;;259,1916;752,40;451,44;8;;259,192;
7;"Sauda";22;"Drammen";67,37;31,76;83,26;-1,89;81,37;;269,0836;777,10;466,26;16;;269,084;
7;"Sauda";23;"Nesbru";77,07;31,76;92,95;3,11;96,06;;291,0936;830,74;498,44;16;0,50;291,094;
7;"Sauda";24;"Majorstua";80,93;35,30;98,58;0,38;98,96;;306,3936;866,75;520,05;16;;306,394;
7;"Sauda";25;"Oslo S";84,78;35,30;102,43;0,38;102,81;;309,9136;873,90;524,34;16;;309,914;
7;"Sauda";26;"Holmestrand";;;99,01;8,11;107,12;;300,9836;852,40;511,44;16;1,00;300,984;
7;"Sauda";27;"Tønsberg";;;127,94;-2,55;125,39;;304,5976;861,98;517,19;16;0,50;304,598;"ic. Dr 10min"
7;"Sauda";28;"Sandefjord";;;105,94;7,99;113,93;;279,2876;801,60;480,96;12;0,50;279,288;"ic. Bø 10min"
7;"Sauda";29;"Larvik";;;87,94;7,99;95,93;;260,1476;754,88;452,93;12;0,50;260,148;"ic. Bø 10min"
7;"Sauda";30;"Porsgrunn";;;75,44;7,99;83,43;;235,3076;692,30;415,38;12;0,50;235,308;"ic. Bø 10min"
7;"Sauda";31;"Drangedal";;;81,86;11,86;93,72;;222,3076;659,27;395,56;8;1,00;222,308;
7;"Sauda";32;"Gjerstad";;;106,86;11,86;118,72;;254,3976;739,98;443,99;8;1,00;254,398;
7;"Sauda";33;"Arendal";;;186,86;11,86;198,72;;334,9776;932,78;559,67;8;1,00;334,978;
7;"Sauda";34;"Kristiansand";;;201,86;11,86;213,72;;382,6376;1042,31;625,39;8;1,00;382,638;
8;"Ølen";1;"Bergen";51,87;19,35;61,54;;61,54;;186,8716;566,03;339,62;16;;186,872;
8;"Ølen";2;"Arna";45,63;19,35;55,31;;55,31;;177,5216;542,32;325,39;16;;177,522;
8;"Ølen";3;"Tysse";41,30;15,73;49,16;;49,16;;159,9456;494,40;296,64;8;;159,946;
8;"Ølen";4;"Kvam-Jondal";34,36;12,31;40,52;;40,52;;132,5296;421,31;252,79;8;;132,530;
8;"Ølen";5;"Odda";27,56;7,81;31,47;;31,47;;101,2756;335,60;201,36;8;;101,276;
8;"Ølen";6;"Røldal";18,99;4,22;21,10;;21,10;;65,4456;233,64;140,19;8;;65,446;
8;"Ølen";7;"Sauda";;;10,74;;10,74;;32,1900;137,91;82,75;18;;32,190;
8;"Ølen";9;"Aksdal";;;10,54;;10,54;;32,2900;137,91;82,75;20;;32,290;
8;"Ølen";10;"Haugesund";12,75;3,85;14,67;1,93;16,60;;41,9700;164,24;98,54;20;;41,970;
8;"Ølen";11;"Kårstø";;;12,63;9,92;22,55;;39,9940;158,40;95,04;18;;39,994;
8;"Ølen";12;"Stavanger";23,83;3,72;25,69;9,92;35,60;;89,1140;301,90;181,14;36;;89,114;
8;"Ølen";13;"Haukeligrend";30,08;4,22;32,19;;32,19;;110,5276;360,68;216,41;8;;110,528;
8;"Ølen";14;"Åmot";37,85;8,49;42,10;2,14;44,23;;143,9516;451,26;270,76;8;;143,952;
8;"Ølen";15;"Brunkeberg";45,66;12,68;52,00;4,23;56,23;;176,5836;539,67;323,80;8;;176,584;
8;"Ølen";16;"Bø";54,15;16,78;62,54;-3,14;59,40;;212,2006;633,63;380,18;12;;212,201;
8;"Ølen";17;"Nordagutu";57,81;21,54;68,58;6,08;74,67;;229,1776;677,10;406,26;8;0,75;229,178;
8;"Ølen";18;"Skien";66,51;24,23;78,62;6,94;85,56;;259,6076;752,40;451,44;12;0,50;259,608;
8;"Ølen";19;"Notodden";60,19;21,79;71,08;-1,89;69,20;;241,5436;707,44;424,46;8;;241,544;
8;"Ølen";20;"Kongsberg";68,22;25,85;81,14;-1,89;79,26;;269,0358;777,10;466,26;8;;269,036;
8;"Ølen";21;"Eiker";72,35;32,52;88,61;-1,89;86,72;;291,3816;830,74;498,44;8;;291,382;
8;"Ølen";22;"Drammen";74,94;35,99;92,94;-1,89;91,05;;301,2736;854,80;512,88;16;;301,274;
8;"Ølen";23;"Nesbru";84,64;35,99;102,63;3,11;105,74;;323,2836;907,02;544,21;16;0,50;323,284;
8;"Ølen";24;"Majorstua";88,50;39,52;108,26;0,38;108,64;;338,5836;942,08;565,25;16;;338,584;
8;"Ølen";25;"Oslo S";92,35;39,52;112,11;0,38;112,49;;342,1036;951,35;570,81;16;;342,104;
8;"Ølen";26;"Holmestrand";;;108,69;8,11;116,80;;333,1736;930,44;558,27;16;1,00;333,174;
8;"Ølen";27;"Tønsberg";;;137,62;-2,55;135,07;;336,7876;937,43;562,46;16;0,50;336,788;"ic. Dr 10min"
8;"Ølen";28;"Sandefjord";;;115,62;7,99;123,61;;311,4776;878,66;527,19;12;0,50;311,478;"ic. Bø 10min"
8;"Ølen";29;"Larvik";;;97,62;7,99;105,61;;292,3376;833,15;499,89;12;0,50;292,338;"ic. Bø 10min"
8;"Ølen";30;"Porsgrunn";;;85,12;7,99;93,11;;267,4976;772,18;463,31;12;0,50;267,498;"ic. Bø 10min"
8;"Ølen";31;"Drangedal";;;91,54;11,86;103,40;;254,4976;739,98;443,99;8;1,00;254,498;
8;"Ølen";32;"Gjerstad";;;116,54;11,86;128,40;;286,5876;818,63;491,18;8;1,00;286,588;
8;"Ølen";33;"Arendal";;;196,54;11,86;208,40;;367,1676;1008,58;605,15;8;1,00;367,168;
8;"Ølen";34;"Kristiansand";;;211,54;11,86;223,40;;414,8276;1112,78;667,67;8;1,00;414,828;
9;"Aksdal";1;"Bergen";59,42;23,36;71,10;;71,10;;219,1616;651,60;390,96;16;;219,162;
9;"Aksdal";2;"Arna";53,19;23,36;64,87;;64,87;;209,8116;625,90;375,54;16;;209,812;
9;"Aksdal";3;"Tysse";48,85;19,73;58,72;;58,72;;192,2356;581,75;349,05;8;;192,236;
9;"Aksdal";4;"Kvam-Jondal";41,92;16,32;50,08;;50,08;;164,8196;507,78;304,67;8;;164,820;
9;"Aksdal";5;"Odda";35,12;11,82;41,03;;41,03;;133,5656;424,04;254,43;8;;133,566;
9;"Aksdal";6;"Røldal";26,54;8,23;30,65;;30,65;;97,7356;324,40;194,64;8;;97,736;
9;"Aksdal";7;"Sauda";18,30;4,01;20,30;;20,30;;64,4800;230,78;138,47;20;;64,480;
9;"Aksdal";8;"Ølen";;;10,51;;10,51;;32,2900;137,91;82,75;20;;32,290;
9;"Aksdal";10;"Haugesund";;;5,01;;5,01;;9,6800;69,90;41,94;60;;9,680;
9;"Aksdal";11;"Kårstø";;;6,42;;6,42;;14,8518;84,78;50,87;10;;14,852;
9;"Aksdal";12;"Stavanger";17,62;3,71;19,47;;19,47;;63,9718;227,90;136,74;20;;63,972;
9;"Aksdal";13;"Haukeligrend";37,63;8,23;41,75;;41,75;;142,8176;448,55;269,13;8;;142,818;
9;"Aksdal";14;"Åmot";45,41;12,50;51,66;2,14;53,79;;176,2416;539,67;323,80;8;;176,242;
9;"Aksdal";15;"Brunkeberg";53,21;16,69;61,56;4,23;65,79;;208,8736;623,32;373,99;8;;208,874;
9;"Aksdal";16;"Bø";61,71;20,79;72,10;-6,28;65,82;;244,4906;714,98;428,99;16;;244,491;
9;"Aksdal";17;"Nordagutu";65,36;25,55;78,14;6,94;85,08;;261,4676;757,36;454,41;8;0,50;261,468;
9;"Aksdal";18;"Skien";74,06;28,24;88,18;6,94;95,12;;291,8976;830,74;498,44;16;0,50;291,898;
9;"Aksdal";19;"Notodden";67,75;25,79;80,64;-3,78;76,87;;273,8336;786,92;472,15;8;;273,834;
9;"Aksdal";20;"Kongsberg";75,77;29,85;90,70;-3,78;86,92;;301,3258;854,80;512,88;8;;301,326;
9;"Aksdal";21;"Eiker";79,90;36,53;98,16;-3,78;94,39;;323,6716;907,02;544,21;8;;323,672;
9;"Aksdal";22;"Drammen";82,50;39,99;102,49;-3,78;98,72;;333,5636;930,44;558,27;16;;333,564;
9;"Aksdal";23;"Nesbru";92,19;39,99;112,19;1,22;113,41;;355,5736;981,26;588,76;16;0,50;355,574;
9;"Aksdal";24;"Majorstua";96,05;43,53;117,81;-1,51;116,31;;370,8736;1015,36;609,22;16;;370,874;
9;"Aksdal";25;"Oslo S";99,91;43,53;121,67;-1,51;120,16;;374,3936;1024,38;614,63;16;;374,394;
9;"Aksdal";26;"Holmestrand";;;118,24;6,22;124,47;;365,4636;1004,04;602,43;16;1,00;365,464;
9;"Aksdal";27;"Tønsberg";;;147,18;-2,55;144,63;;369,0776;1013,10;607,86;16;0,50;369,078;"ic. Dr 10min"
9;"Aksdal";28;"Sandefjord";;;125,18;7,99;133,17;;343,7676;953,66;572,20;16;0,50;343,768;
9;"Aksdal";29;"Larvik";;;107,18;7,99;115,17;;324,6276;909,38;545,63;16;0,50;324,628;
9;"Aksdal";30;"Porsgrunn";;;94,68;7,99;102,67;;299,7876;850,00;510,00;16;0,50;299,788;
9;"Aksdal";31;"Drangedal";;;101,10;8,72;109,82;;286,7876;818,63;491,18;16;1,00;286,788;
9;"Aksdal";32;"Gjerstad";;;126,10;8,72;134,82;;318,8776;895,24;537,14;16;1,00;318,878;
9;"Aksdal";33;"Arendal";;;206,10;8,72;214,82;;399,4576;1080,00;648,00;16;1,00;399,458;
9;"Aksdal";34;"Kristiansand";;;221,10;8,72;229,82;;447,1176;1183,30;709,98;16;1,00;447,118;
10;"Haugesund";1;"Bergen";61,71;27,14;75,28;1,89;77,17;;228,8416;674,56;404,74;16;;228,842;
10;"Haugesund";2;"Arna";55,48;27,14;69,05;1,89;70,94;;219,4916;651,60;390,96;16;;219,492;
10;"Haugesund";3;"Tysse";51,14;23,52;62,90;1,89;64,79;;201,9156;605,20;363,12;8;;201,916;
10;"Haugesund";4;"Kvam-Jondal";44,21;20,10;54,26;1,89;56,15;;174,4996;534,38;320,63;8;;174,500;
10;"Haugesund";5;"Odda";37,40;15,60;45,21;1,89;47,10;;143,2456;451,26;270,76;8;;143,246;
10;"Haugesund";6;"Røldal";28,83;12,01;34,83;1,89;36,73;;107,4156;352,34;211,40;8;;107,416;
10;"Haugesund";7;"Sauda";20,59;7,79;24,48;1,89;26,37;;74,1600;259,38;155,63;20;;74,160;
10;"Haugesund";8;"Ølen";12,80;3,78;14,69;1,89;16,58;;41,9700;164,24;98,54;20;;41,970;
10;"Haugesund";9;"Aksdal";;;5,02;;5,02;;9,6800;69,90;41,94;60;;9,680;
10;"Haugesund";11;"Kårstø";9,23;3,25;10,86;;10,86;;24,5318;114,38;68,63;20;;24,532;
10;"Haugesund";12;"Stavanger";20,44;6,96;23,92;;23,92;;73,6518;256,52;153,91;40;;73,652;
10;"Haugesund";13;"Haukeligrend";39,92;12,01;45,93;1,89;47,82;;152,4976;475,59;285,35;8;;152,498;
10;"Haugesund";14;"Åmot";47,70;16,28;55,84;4,03;59,86;;185,9216;563,40;338,04;8;;185,922;
10;"Haugesund";15;"Brunkeberg";55,50;20,47;65,74;6,12;71,86;;218,5536;649,04;389,42;8;;218,554;
10;"Haugesund";16;"Bø";64,00;24,57;76,28;-4,39;71,89;;254,1706;739,98;443,99;16;;254,171;
10;"Haugesund";17;"Nordagutu";67,65;29,33;82,32;8,83;91,15;;271,1476;782,02;469,21;8;0,50;271,148;
10;"Haugesund";18;"Skien";76,35;32,02;92,36;8,83;101,19;;301,5776;854,80;512,88;16;0,50;301,578;
10;"Haugesund";19;"Notodden";70,04;29,58;84,82;-1,89;82,94;;283,5136;811,34;486,81;8;;283,514;
10;"Haugesund";20;"Kongsberg";78,06;33,64;94,88;-1,89;93,00;;311,0058;878,66;527,19;8;;311,006;
10;"Haugesund";21;"Eiker";82,19;40,31;102,34;-1,89;100,46;;333,3516;930,44;558,27;8;;333,352;
10;"Haugesund";22;"Drammen";84,79;43,77;106,67;-1,89;104,79;;343,2436;953,66;572,20;16;;343,244;
10;"Haugesund";23;"Nesbru";94,48;43,77;116,37;3,11;119,48;;365,2536;1004,04;602,43;16;0,50;365,254;
10;"Haugesund";24;"Majorstua";98,34;47,31;121,99;0,38;122,38;;380,5536;1037,84;622,70;16;;380,554;
10;"Haugesund";25;"Oslo S";102,20;47,31;125,85;0,38;126,23;;384,0736;1046,78;628,07;16;;384,074;
10;"Haugesund";26;"Holmestrand";;;122,42;8,11;130,54;;375,1436;1026,62;615,97;16;1,00;375,144;
10;"Haugesund";27;"Tønsberg";;;151,36;-0,66;150,70;;378,7576;1033,36;620,02;16;0,50;378,758;"ic. Dr 10min"
10;"Haugesund";28;"Sandefjord";;;129,36;9,88;139,24;;353,4476;976,68;586,01;16;0,50;353,448;
10;"Haugesund";29;"Larvik";;;111,36;9,88;121,24;;334,3076;932,78;559,67;16;0,50;334,308;
10;"Haugesund";30;"Porsgrunn";;;98,86;9,88;108,74;;309,4676;873,90;524,34;16;0,50;309,468;
10;"Haugesund";31;"Drangedal";;;105,28;10,61;115,89;;296,4676;842,79;505,67;16;1,00;296,468;
10;"Haugesund";32;"Gjerstad";;;130,28;10,61;140,89;;328,5576;918,76;551,26;16;1,00;328,558;
10;"Haugesund";33;"Arendal";;;210,28;10,61;220,89;;409,1376;1101,90;661,14;16;1,00;409,138;
10;"Haugesund";34;"Kristiansand";;;225,28;10,61;235,89;;456,7976;1202,15;721,29;16;1,00;456,798;
11;"Kårstø";1;"Bergen";61,52;23,36;73,20;9,98;83,18;;226,8620;669,47;401,68;16;;226,862;
11;"Kårstø";2;"Arna";55,28;23,36;66,96;9,98;76,95;;217,5120;646,48;387,89;16;;217,512;
11;"Kårstø";3;"Tysse";50,95;19,73;60,81;9,98;70,80;;199,9360;600,00;360,00;8;;199,936;
11;"Kårstø";4;"Kvam-Jondal";44,01;16,32;52,17;9,98;62,16;;172,5200;529,07;317,44;8;;172,520;
11;"Kårstø";5;"Odda";37,21;11,82;43,12;9,98;53,11;;141,2660;445,84;267,50;8;;141,266;
11;"Kårstø";6;"Røldal";28,64;8,23;32,75;9,98;42,73;;105,4360;346,76;208,06;8;;105,436;
11;"Kårstø";7;"Sauda";20,39;4,01;22,40;9,98;32,38;;72,1804;253,67;152,20;18;;72,180;
11;"Kårstø";8;"Ølen";;;12,61;9,98;22,59;;39,9904;158,40;95,04;18;;39,990;
11;"Kårstø";9;"Aksdal";;;6,53;;6,53;;14,8698;84,78;50,87;10;;14,870;
11;"Kårstø";10;"Haugesund";9,39;3,19;10,99;;10,99;;24,5498;114,38;68,63;20;;24,550;
11;"Kårstø";12;"Stavanger";;;13,86;;13,86;;49,1200;187,50;112,50;36;;49,120;
11;"Kårstø";13;"Haukeligrend";39,73;8,23;43,84;9,98;53,83;;150,5180;470,20;282,12;8;;150,518;
11;"Kårstø";14;"Åmot";47,50;12,50;53,75;11,05;64,80;;183,9420;558,14;334,89;8;;183,942;
11;"Kårstø";15;"Brunkeberg";55,31;16,69;63,65;12,10;75,75;;216,5740;643,91;386,35;8;;216,574;
11;"Kårstø";16;"Bø";63,80;20,79;74,20;6,84;81,04;;252,1910;734,99;440,99;12;;252,191;
11;"Kårstø";17;"Nordagutu";67,46;25,55;80,24;11,07;91,31;;269,1680;777,10;466,26;8;0,75;269,168;
11;"Kårstø";18;"Skien";76,16;28,24;90,28;20,00;110,28;;299,5980;850,00;510,00;12;0,50;299,598;
11;"Kårstø";19;"Notodden";69,84;25,79;82,74;8,09;90,83;;281,5340;806,48;483,89;8;;281,534;
11;"Kårstø";20;"Kongsberg";77,87;29,85;92,80;8,09;100,89;;309,0262;873,90;524,34;8;;309,026;
11;"Kårstø";21;"Eiker";82,00;36,53;100,26;8,09;108,35;;331,3720;925,78;555,47;8;;331,372;
11;"Kårstø";22;"Drammen";84,60;39,99;104,59;8,09;112,69;;341,2640;949,04;569,42;16;;341,264;
11;"Kårstø";23;"Nesbru";94,29;39,99;114,28;13,09;127,38;;363,2740;999,50;599,70;16;0,50;363,274;
11;"Kårstø";24;"Majorstua";98,15;43,53;119,91;10,36;130,27;;378,5740;1033,36;620,02;16;;378,574;
11;"Kårstø";25;"Oslo S";102,00;43,53;123,77;10,36;134,13;;382,0940;1042,31;625,39;16;;382,094;
11;"Kårstø";26;"Holmestrand";;;120,34;18,09;138,44;;373,1640;1022,12;613,27;16;1,00;373,164;
11;"Kårstø";27;"Tønsberg";;;149,28;7,43;156,71;;376,7780;1028,87;617,32;16;0,50;376,778;
11;"Kårstø";28;"Sandefjord";;;127,28;21,05;148,33;;351,4680;972,10;583,26;12;0,50;351,468;
11;"Kårstø";29;"Larvik";;;109,28;21,05;130,33;;332,3280;928,11;556,87;12;0,50;332,328;
11;"Kårstø";30;"Porsgrunn";;;96,78;21,05;117,83;;307,4880;869,14;521,48;12;0,50;307,488;
11;"Kårstø";31;"Drangedal";;;103,20;21,84;125,04;;294,4880;837,98;502,79;8;1,00;294,488;
11;"Kårstø";32;"Gjerstad";;;128,20;21,84;150,04;;326,5780;914,07;548,44;8;1,00;326,578;
11;"Kårstø";33;"Arendal";;;208,20;21,84;230,04;;407,1580;1097,54;658,52;8;1,00;407,158;
11;"Kårstø";34;"Kristiansand";;;223,20;21,84;245,04;;454,8180;1197,98;718,79;8;1,00;454,818;
12;"Stavanger";1;"Bergen";73,07;26,90;86,52;9,98;96,50;;275,9820;791,82;475,09;32;;275,982;
12;"Stavanger";2;"Arna";66,83;26,90;80,28;9,98;90,26;;266,6320;769,71;461,83;32;;266,632;
12;"Stavanger";3;"Tysse";62,49;23,27;74,13;9,98;84,11;;249,0560;727,50;436,50;16;;249,056;
12;"Stavanger";4;"Kvam-Jondal";55,56;19,86;65,49;9,98;75,47;;221,6400;656,72;394,03;16;;221,640;
12;"Stavanger";5;"Odda";48,76;15,36;56,44;9,98;66,42;;190,3860;576,52;345,91;16;;190,386;
12;"Stavanger";6;"Røldal";40,19;11,76;46,07;9,98;56,05;;154,5560;480,98;288,59;16;;154,556;
12;"Stavanger";7;"Sauda";31,94;7,55;35,71;9,98;45,70;;121,3004;391,12;234,67;36;;121,300;
12;"Stavanger";8;"Ølen";24,16;3,54;25,93;9,98;35,91;;89,1104;301,90;181,14;36;;89,110;
12;"Stavanger";9;"Aksdal";18,08;3,53;19,84;;19,84;;63,9898;227,90;136,74;20;;63,990;
12;"Stavanger";10;"Haugesund";20,95;6,73;24,31;;24,31;;73,6698;256,52;153,91;40;;73,670;
12;"Stavanger";11;"Kårstø";;;14,04;;14,04;;49,1200;187,50;112,50;36;;49,120;
12;"Stavanger";13;"Haukeligrend";51,28;11,77;57,16;9,98;67,14;;199,6380;600,00;360,00;16;;199,638;
12;"Stavanger";14;"Åmot";59,05;16,04;67,07;11,05;78,12;;233,0620;687,24;412,35;16;;233,062;
12;"Stavanger";15;"Brunkeberg";66,86;20,23;76,97;12,10;89,07;;265,6940;767,24;460,35;16;;265,694;
12;"Stavanger";16;"Bø";75,35;24,33;87,52;6,84;94,36;;301,3110;854,80;512,88;24;;301,311;
12;"Stavanger";17;"Nordagutu";79,01;29,09;93,55;20,00;113,56;;318,2880;895,24;537,14;8;0,50;318,288;
12;"Stavanger";18;"Skien";87,71;31,77;103,59;20,00;123,60;;348,7180;965,20;579,12;16;0,50;348,718;
12;"Stavanger";19;"Notodden";81,39;29,33;96,06;8,09;104,15;;330,6540;923,44;554,06;16;;330,654;
12;"Stavanger";20;"Kongsberg";89,42;33,39;106,12;8,09;114,21;;358,1462;988,12;592,87;16;;358,146;
12;"Stavanger";21;"Eiker";93,54;40,07;113,58;8,09;121,67;;380,4920;1037,84;622,70;16;;380,492;
12;"Stavanger";22;"Drammen";96,14;43,53;117,91;8,09;126,00;;390,3840;1060,12;636,07;32;;390,384;
12;"Stavanger";23;"Nesbru";105,83;43,53;127,60;13,09;140,69;;412,3940;1108,43;665,06;32;0,50;412,394;
12;"Stavanger";24;"Majorstua";109,70;47,07;133,23;10,36;143,59;;427,6940;1140,82;684,49;32;;427,694;
12;"Stavanger";25;"Oslo S";113,55;47,07;137,09;10,36;147,45;;431,2140;1149,38;689,63;32;;431,214;
12;"Stavanger";26;"Holmestrand";;;133,66;18,09;151,75;;422,2840;1130,07;678,04;32;1,00;422,284;
12;"Stavanger";27;"Tønsberg";;;162,59;7,43;170,03;;425,8980;1136,52;681,91;16;0,50;425,898;"Dr"
12;"Stavanger";28;"Sandefjord";;;140,59;21,05;161,65;;400,5880;1082,20;649,32;16;0,50;400,588;"Bø"
12;"Stavanger";29;"Larvik";;;122,59;21,05;143,65;;381,4480;1040,08;624,05;16;0,50;381,448;
12;"Stavanger";30;"Porsgrunn";;;110,09;21,05;131,15;;356,6080;983,55;590,13;16;0,50;356,608;
12;"Stavanger";31;"Drangedal";;;116,52;21,84;138,36;;343,6080;953,66;572,20;16;1,00;343,608;
12;"Stavanger";32;"Gjerstad";;;141,52;21,84;163,36;;375,6980;1026,62;615,97;16;1,00;375,698;
12;"Stavanger";33;"Arendal";;;221,52;21,84;243,36;;456,2780;1202,15;721,29;16;1,00;456,278;
12;"Stavanger";34;"Kristiansand";;;236,52;21,84;258,36;;503,9380;1297,98;778,79;16;1,00;503,938;
13;"Haukeligrend";1;"Bergen";48,88;15,79;56,78;;56,78;;179,7540;547,60;328,56;24;;179,754;
13;"Haukeligrend";2;"Arna";42,65;15,79;50,54;;50,54;;170,4040;523,76;314,26;24;;170,404;
13;"Haukeligrend";3;"Tysse";38,31;12,17;44,39;;44,39;;152,8280;475,59;285,35;12;;152,828;
13;"Haukeligrend";4;"Kvam-Jondal";31,38;8,76;35,76;;35,76;;125,4120;402,12;241,27;12;;125,412;
13;"Haukeligrend";5;"Odda";24,58;4,26;26,70;;26,70;;94,1580;315,98;189,59;12;;94,158;
13;"Haukeligrend";6;"Røldal";;;16,66;;16,66;;58,3280;213,52;128,11;12;;58,328;
13;"Haukeligrend";7;"Sauda";;;21,61;;21,61;;78,3400;270,76;162,46;8;;78,340;
13;"Haukeligrend";8;"Ølen";29,32;4,05;31,35;;31,35;;110,5300;360,68;216,41;8;;110,530;
13;"Haukeligrend";9;"Aksdal";36,90;8,06;40,93;;40,93;;142,8200;448,55;269,13;8;;142,820;
13;"Haukeligrend";10;"Haugesund";39,11;11,91;45,07;1,93;46,99;;152,5000;475,59;285,35;8;;152,500;
13;"Haukeligrend";11;"Kårstø";39,00;8,06;43,03;9,92;52,94;;150,5240;470,20;282,12;8;;150,524;
13;"Haukeligrend";12;"Stavanger";50,19;11,78;56,08;9,92;65,99;;199,6440;600,00;360,00;16;;199,644;
13;"Haukeligrend";14;"Åmot";;;10,99;;10,99;;33,3740;140,84;84,51;28;;33,374;
13;"Haukeligrend";15;"Brunkeberg";18,80;4,19;20,89;;20,89;;66,0060;236,51;141,91;28;;66,006;
13;"Haukeligrend";16;"Bø";27,30;8,29;31,44;;31,44;;101,6230;335,60;201,36;28;;101,623;
13;"Haukeligrend";17;"Nordagutu";30,95;13,05;37,48;6,53;44,00;;118,6500;382,84;229,70;8;;118,650;
13;"Haukeligrend";18;"Skien";39,65;15,74;47,52;6,53;54,04;;149,0800;467,50;280,50;16;;149,080;
13;"Haukeligrend";19;"Notodden";33,33;13,29;39,98;;39,98;;130,9660;415,84;249,50;12;;130,966;
13;"Haukeligrend";20;"Kongsberg";41,36;17,35;50,04;;50,04;;158,4582;491,72;295,03;12;;158,458;
13;"Haukeligrend";21;"Eiker";45,49;24,03;57,50;;57,50;;180,8040;550,24;330,14;12;;180,804;
13;"Haukeligrend";22;"Drammen";48,09;27,49;61,83;;61,83;;190,6960;576,52;345,91;24;;190,696;
13;"Haukeligrend";23;"Nesbru";57,78;27,49;71,52;5,00;76,52;;212,7060;633,63;380,18;24;0,50;212,706;
13;"Haukeligrend";24;"Majorstua";61,64;31,03;77,15;2,27;79,42;;228,0060;674,56;404,74;24;;228,006;
13;"Haukeligrend";25;"Oslo S";65,49;31,03;81,01;2,27;83,28;;231,5260;682,18;409,31;24;;231,526;
13;"Haukeligrend";26;"Holmestrand";;;77,58;10,00;87,58;;222,5960;659,27;395,56;24;1,00;222,596;
13;"Haukeligrend";27;"Tønsberg";;;106,52;1,05;107,57;;226,2600;669,47;401,68;16;;226,260;
13;"Haukeligrend";28;"Sandefjord";;;84,52;1,05;85,57;;200,9500;602,60;361,56;16;;200,950;
13;"Haukeligrend";29;"Larvik";;;66,52;1,05;67,57;;181,8100;552,88;331,73;16;;181,810;
13;"Haukeligrend";30;"Porsgrunn";;;54,02;1,05;55,07;;156,9700;486,35;291,81;16;;156,970;
13;"Haukeligrend";31;"Drangedal";;;60,44;17,07;77,51;;143,9200;451,26;270,76;16;1,00;143,920;
13;"Haukeligrend";32;"Gjerstad";;;85,44;17,07;102,51;;176,0100;539,67;323,80;16;1,00;176,010;
13;"Haukeligrend";33;"Arendal";;;165,44;17,07;182,51;;256,5900;744,95;446,97;16;1,00;256,590;
13;"Haukeligrend";34;"Kristiansand";;;180,44;17,07;197,51;;304,2500;861,98;517,19;16;1,00;304,250;
14;"Åmot";1;"Bergen";56,27;20,32;66,43;;66,43;;213,1780;636,20;381,72;24;;213,178;
14;"Åmot";2;"Arna";50,04;20,32;60,20;;60,20;;203,8280;610,38;366,23;24;;203,828;
14;"Åmot";3;"Tysse";45,70;16,70;54,05;;54,05;;186,2520;566,03;339,62;12;;186,252;
14;"Åmot";4;"Kvam-Jondal";38,77;13,28;45,41;;45,41;;158,8360;491,72;295,03;12;;158,836;
14;"Åmot";5;"Odda";31,97;8,78;36,36;;36,36;;127,5820;407,62;244,57;12;;127,582;
14;"Åmot";6;"Røldal";24,05;4,53;26,32;;26,32;;91,7520;307,54;184,52;12;;91,752;
14;"Åmot";7;"Sauda";29,00;4,53;31,26;2,26;33,53;;111,7640;363,46;218,07;8;;111,764;
14;"Åmot";8;"Ølen";36,71;8,58;41,00;2,26;43,26;;143,9540;451,26;270,76;8;;143,954;
14;"Åmot";9;"Aksdal";44,29;12,59;50,59;2,26;52,85;;176,2440;539,67;323,80;8;;176,244;
14;"Åmot";10;"Haugesund";46,50;16,44;54,72;4,19;58,91;;185,9240;563,40;338,04;8;;185,924;
14;"Åmot";11;"Kårstø";46,39;12,59;52,68;11,05;63,73;;183,9480;558,14;334,89;8;;183,948;
14;"Åmot";12;"Stavanger";57,58;16,30;65,73;11,05;76,78;;233,0680;687,24;412,35;16;;233,068;
14;"Åmot";13;"Haukeligrend";;;10,87;;10,87;;33,4240;140,84;84,51;28;;33,424;
14;"Åmot";15;"Brunkeberg";;;10,94;;10,94;;32,6320;137,91;82,75;28;;32,632;
14;"Åmot";16;"Bø";19,44;4,10;21,49;;21,49;;68,2490;242,24;145,34;28;;68,249;
14;"Åmot";17;"Nordagutu";23,10;8,86;27,53;4,43;31,96;;85,2260;290,60;174,36;8;;85,226;
14;"Åmot";18;"Skien";31,79;11,55;37,57;4,43;42,00;;115,6560;374,54;224,73;16;;115,656;
14;"Åmot";19;"Notodden";25,48;9,10;30,03;;30,03;;97,5920;324,40;194,64;12;;97,592;
14;"Åmot";20;"Kongsberg";33,51;13,16;40,09;;40,09;;125,0842;402,12;241,27;12;;125,084;
14;"Åmot";21;"Eiker";37,63;19,84;47,55;;47,55;;147,4300;462,10;277,26;12;;147,430;
14;"Åmot";22;"Drammen";40,23;23,30;51,88;;51,88;;157,3220;489,04;293,42;24;;157,322;
14;"Åmot";23;"Nesbru";49,92;23,30;61,57;5,00;66,57;;179,3320;547,60;328,56;24;0,50;179,332;
14;"Åmot";24;"Majorstua";53,78;26,84;67,20;2,27;69,47;;194,6320;586,98;352,19;24;;194,632;
14;"Åmot";25;"Oslo S";57,64;26,84;71,06;2,27;73,33;;198,1520;597,40;358,44;24;;198,152;
14;"Åmot";26;"Holmestrand";;;67,63;10,00;77,63;;189,2220;573,90;344,34;24;1,00;189,222;
14;"Åmot";27;"Tønsberg";;;96,57;1,05;97,62;;192,8360;581,75;349,05;16;;192,836;
14;"Åmot";28;"Sandefjord";;;74,57;1,05;75,62;;167,5260;515,78;309,47;16;;167,526;
14;"Åmot";29;"Larvik";;;56,57;1,05;57,62;;148,3860;464,80;278,88;16;;148,386;
14;"Åmot";30;"Porsgrunn";;;44,07;1,05;45,12;;123,5460;396,62;237,97;16;;123,546;
14;"Åmot";31;"Drangedal";;;50,49;16,02;66,51;;110,5460;360,68;216,41;16;1,00;110,546;
14;"Åmot";32;"Gjerstad";;;75,49;16,02;91,51;;142,6360;448,55;269,13;16;1,00;142,636;
14;"Åmot";33;"Arendal";;;155,49;16,02;171,51;;223,2160;661,82;397,09;16;1,00;223,216;
14;"Åmot";34;"Kristiansand";;;170,49;16,02;186,51;;270,8760;779,56;467,74;16;1,00;270,876;
15;"Brunkeberg";1;"Bergen";64,52;24,36;76,70;;76,70;;245,8100;717,48;430,49;24;;245,810;
15;"Brunkeberg";2;"Arna";58,28;24,36;70,46;;70,46;;236,4600;694,83;416,90;24;;236,460;
15;"Brunkeberg";3;"Tysse";53,94;20,74;64,31;;64,31;;218,8840;649,04;389,42;12;;218,884;
15;"Brunkeberg";4;"Kvam-Jondal";47,01;17,33;55,67;;55,67;;191,4680;579,14;347,48;12;;191,468;
15;"Brunkeberg";5;"Odda";40,21;12,83;46,62;;46,62;;160,2140;497,08;298,25;12;;160,214;
15;"Brunkeberg";6;"Røldal";32,30;8,57;36,58;;36,58;;124,3840;399,38;239,63;12;;124,384;
15;"Brunkeberg";7;"Sauda";37,24;8,57;41,53;4,28;45,81;;144,3960;453,98;272,39;8;;144,396;
15;"Brunkeberg";8;"Ølen";44,96;12,62;51,26;4,28;55,55;;176,5860;539,67;323,80;8;;176,586;
15;"Brunkeberg";9;"Aksdal";52,54;16,63;60,85;4,28;65,14;;208,8760;623,32;373,99;8;;208,876;
15;"Brunkeberg";10;"Haugesund";54,74;20,48;64,98;6,21;71,20;;218,5560;649,04;389,42;8;;218,556;
15;"Brunkeberg";11;"Kårstø";54,63;16,63;62,95;12,06;75,00;;216,5800;643,91;386,35;8;;216,580;
15;"Brunkeberg";12;"Stavanger";65,82;20,35;76,00;12,06;88,05;;265,7000;767,24;460,35;16;;265,700;
15;"Brunkeberg";13;"Haukeligrend";19,11;4,04;21,13;;21,13;;66,0560;236,51;141,91;28;;66,056;
15;"Brunkeberg";14;"Åmot";;;11,24;;11,24;;32,6320;137,91;82,75;28;;32,632;
15;"Brunkeberg";16;"Bø";;;11,55;;11,55;;35,6170;146,70;88,02;28;;35,617;
15;"Brunkeberg";17;"Nordagutu";15,20;4,76;17,58;2,38;19,97;;52,5940;196,19;117,71;8;;52,594;
15;"Brunkeberg";18;"Skien";23,90;7,45;27,62;2,38;30,00;;83,0240;284,94;170,97;16;;83,024;
15;"Brunkeberg";19;"Notodden";17,58;5,01;20,09;;20,09;;64,9600;230,78;138,47;12;;64,960;
15;"Brunkeberg";20;"Kongsberg";25,61;9,07;30,14;;30,14;;92,4522;310,35;186,21;12;;92,452;
15;"Brunkeberg";21;"Eiker";29,74;15,74;37,61;;37,61;;114,7980;371,78;223,07;12;;114,798;
15;"Brunkeberg";22;"Drammen";32,34;19,20;41,94;;41,94;;124,6900;399,38;239,63;24;;124,690;
15;"Brunkeberg";23;"Nesbru";42,03;19,20;51,63;5,00;56,63;;146,7000;459,39;275,63;24;0,50;146,700;
15;"Brunkeberg";24;"Majorstua";45,89;22,74;57,26;2,27;59,53;;162,0000;499,76;299,85;24;;162,000;
15;"Brunkeberg";25;"Oslo S";49,74;22,74;61,11;2,27;63,38;;165,5200;510,44;306,27;24;;165,520;
15;"Brunkeberg";26;"Holmestrand";;;57,69;10,00;67,69;;156,5900;486,35;291,81;24;1,00;156,590;
15;"Brunkeberg";27;"Tønsberg";;;86,62;1,05;87,67;;160,2040;497,08;298,25;16;;160,204;
15;"Brunkeberg";28;"Sandefjord";;;64,62;1,05;65,67;;134,8940;426,78;256,07;16;;134,894;
15;"Brunkeberg";29;"Larvik";;;46,62;1,05;47,67;;115,7540;374,54;224,73;16;;115,754;
15;"Brunkeberg";30;"Porsgrunn";;;34,12;1,05;35,17;;90,9140;304,72;182,83;16;;90,914;
15;"Brunkeberg";31;"Drangedal";;;40,55;15,00;55,55;;77,9140;267,92;160,75;16;1,00;77,914;
15;"Brunkeberg";32;"Gjerstad";;;65,55;15,00;80,55;;110,0040;360,68;216,41;16;1,00;110,004;
15;"Brunkeberg";33;"Arendal";;;145,55;15,00;160,55;;190,5840;576,52;345,91;16;1,00;190,584;
15;"Brunkeberg";34;"Kristiansand";;;160,55;15,00;175,55;;238,2440;699,88;419,93;16;1,00;238,244;
16;"Bø";1;"Bergen";73,35;28,84;87,77;;87,77;;281,5814;806,48;483,89;24;;281,581;
16;"Bø";2;"Arna";67,11;28,84;81,53;;81,53;;272,2314;784,47;470,68;24;;272,231;
16;"Bø";3;"Tysse";62,78;25,21;75,38;;75,38;;254,6554;739,98;443,99;12;;254,655;
16;"Bø";4;"Kvam-Jondal";55,84;21,80;66,74;;66,74;;227,2394;672,02;403,21;12;;227,239;
16;"Bø";5;"Odda";49,04;17,30;57,69;;57,69;;195,9854;589,58;353,75;12;;195,985;
16;"Bø";6;"Røldal";41,13;13,04;47,65;;47,65;;160,1554;497,08;298,25;12;;160,155;
16;"Bø";7;"Sauda";46,08;13,04;52,60;-3,26;49,34;;180,1674;550,24;330,14;12;;180,167;
16;"Bø";8;"Ølen";53,79;17,09;62,34;-3,26;59,07;;212,3574;633,63;380,18;12;;212,357;
16;"Bø";9;"Aksdal";61,37;21,10;71,92;-6,52;65,40;;244,6474;714,98;428,99;16;;244,647;
16;"Bø";10;"Haugesund";63,58;24,96;76,06;-4,60;71,46;;254,3274;739,98;443,99;16;;254,327;
16;"Bø";11;"Kårstø";63,46;21,10;74,02;6,66;80,67;;252,3514;734,99;440,99;12;;252,351;
16;"Bø";12;"Stavanger";74,66;24,82;87,07;6,66;93,72;;301,4714;854,80;512,88;24;;301,471;
16;"Bø";13;"Haukeligrend";27,94;8,52;32,20;;32,20;;101,8274;335,60;201,36;28;;101,827;
16;"Bø";14;"Åmot";20,07;4,47;22,31;;22,31;;68,4034;242,24;145,34;28;;68,403;
16;"Bø";15;"Brunkeberg";;;12,26;;12,26;;35,7714;146,70;88,02;28;;35,771;
16;"Bø";17;"Nordagutu";;;7,37;;7,37;;16,9770;90,71;54,43;8;;16,977;
16;"Bø";18;"Skien";16,07;2,68;17,41;;17,41;;47,4070;181,70;109,02;16;;47,407;
16;"Bø";19;"Notodden";;;9,99;;9,99;;29,3430;129,10;77,46;20;;29,343;
16;"Bø";20;"Kongsberg";18,02;4,06;20,05;;20,05;;56,8352;207,75;124,65;20;;56,835;
16;"Bø";21;"Eiker";22,15;10,74;27,51;;27,51;;79,1810;273,60;164,16;20;;79,181;
16;"Bø";22;"Drammen";24,75;14,20;31,85;;31,85;;89,0730;301,90;181,14;40;;89,073;
16;"Bø";23;"Nesbru";34,44;14,20;41,54;5,00;46,54;;111,0830;363,46;218,07;40;0,50;111,083;
16;"Bø";24;"Majorstua";38,30;17,73;47,17;2,27;49,43;;126,3830;404,87;242,92;40;;126,383;
16;"Bø";25;"Oslo S";42,15;17,73;51,02;2,27;53,29;;129,9030;413,10;247,86;40;;129,903;
16;"Bø";26;"Holmestrand";;;47,60;10,00;57,60;;120,9730;388,36;233,02;32;1,00;120,973;
16;"Bø";27;"Tønsberg";;;76,41;1,05;77,46;;124,5870;399,38;239,63;16;;124,587;
16;"Bø";28;"Sandefjord";;;54,41;1,05;55,46;;99,2770;330,00;198,00;16;;99,277;
16;"Bø";29;"Larvik";;;36,41;1,05;37,46;;80,1370;276,44;165,86;16;;80,137;
16;"Bø";30;"Porsgrunn";;;23,91;1,05;24,96;;55,2970;204,86;122,92;16;;55,297;
16;"Bø";31;"Drangedal";;;29,00;;29,00;;41,5200;164,24;98,54;16;;41,520;
16;"Bø";32;"Gjerstad";;;54,00;;54,00;;73,6100;256,52;153,91;16;;73,610;
16;"Bø";33;"Arendal";;;134,00;;134,00;;154,1900;480,98;288,59;16;;154,190;
16;"Bø";34;"Kristiansand";;;149,00;;149,00;;201,8500;605,20;363,12;16;;201,850;
17;"Nordagutu";1;"Bergen";76,70;33,89;93,65;10,28;103,93;;298,4666;847,60;508,56;8;0,50;298,467;
17;"Nordagutu";2;"Arna";70,47;33,89;87,41;10,28;97,70;;289,1166;825,90;495,54;8;0,50;289,117;
17;"Nordagutu";3;"Tysse";66,13;30,26;81,26;10,90;92,17;;271,5406;782,02;469,21;8;0,75;271,541;
17;"Nordagutu";4;"Kvam-Jondal";59,20;26,85;72,62;10,90;83,53;;244,1246;714,98;428,99;8;0,75;244,125;
17;"Nordagutu";5;"Odda";52,40;22,35;63,57;10,90;74,48;;212,8706;633,63;380,18;8;0,75;212,871;
17;"Nordagutu";6;"Røldal";44,48;18,09;53,53;10,90;64,43;;177,0406;542,32;325,39;8;0,75;177,041;
17;"Nordagutu";7;"Sauda";49,43;18,09;58,48;6,07;64,54;;197,0526;594,80;356,88;8;0,75;197,053;
17;"Nordagutu";8;"Ølen";57,14;22,14;68,21;6,07;74,28;;229,2426;677,10;406,26;8;0,75;229,243;
17;"Nordagutu";9;"Aksdal";64,73;26,15;77,80;7,06;84,86;;261,5326;757,36;454,41;8;0,50;261,533;
17;"Nordagutu";10;"Haugesund";66,93;30,00;81,93;8,98;90,92;;271,2126;782,02;469,21;8;0,50;271,213;
17;"Nordagutu";11;"Kårstø";66,82;26,15;79,89;11,02;90,92;;269,2366;777,10;466,26;8;0,75;269,237;
17;"Nordagutu";12;"Stavanger";78,01;29,87;92,94;20,20;113,15;;318,3566;895,24;537,14;8;0,50;318,357;
17;"Nordagutu";13;"Haukeligrend";31,30;13,56;38,08;6,78;44,86;;118,7126;382,84;229,70;8;;118,713;
17;"Nordagutu";14;"Åmot";23,42;9,52;28,19;4,76;32,95;;85,2886;290,60;174,36;8;;85,289;
17;"Nordagutu";15;"Brunkeberg";15,61;5,05;18,14;2,52;20,66;;52,6566;196,19;117,71;8;;52,657;
17;"Nordagutu";16;"Bø";;;7,35;;7,35;;16,8852;90,71;54,43;8;;16,885;
17;"Nordagutu";18;"Skien";;;10,33;;10,33;;30,4300;132,04;79,22;24;;30,430;
17;"Nordagutu";19;"Notodden";;;7,25;;7,25;;18,5388;96,64;57,98;8;;18,539;
17;"Nordagutu";20;"Kongsberg";15,51;3,83;17,42;;17,42;;46,0310;178,79;107,27;8;;46,031;
17;"Nordagutu";21;"Eiker";19,63;10,51;24,89;;24,89;;68,3768;242,24;145,34;8;;68,377;
17;"Nordagutu";22;"Drammen";22,23;13,97;29,22;;29,22;;78,2688;270,76;162,46;16;;78,269;
17;"Nordagutu";23;"Nesbru";31,92;13,97;38,91;5,00;43,91;;100,2788;332,80;199,68;16;0,50;100,279;
17;"Nordagutu";24;"Majorstua";35,79;17,50;44,54;2,27;46,80;;115,5788;374,54;224,73;16;;115,579;
17;"Nordagutu";25;"Oslo S";39,64;17,50;48,39;2,27;50,66;;119,0988;385,60;231,36;16;;119,099;
17;"Nordagutu";26;"Holmestrand";;;44,97;10,00;54,97;;110,1688;360,68;216,41;16;1,00;110,169;
17;"Nordagutu";27;"Tønsberg";;;69,33;1,05;70,38;;107,6100;352,34;211,40;24;;107,610;
17;"Nordagutu";28;"Sandefjord";;;47,33;1,05;48,38;;82,3000;282,11;169,27;24;;82,300;
17;"Nordagutu";29;"Larvik";;;29,33;1,05;30,38;;63,1600;227,90;136,74;24;;63,160;
17;"Nordagutu";30;"Porsgrunn";;;16,83;1,05;17,88;;38,3200;155,48;93,29;24;;38,320;
17;"Nordagutu";31;"Drangedal";;;36,35;15,00;51,35;;58,6458;213,52;128,11;8;1,00;58,6458;
17;"Nordagutu";32;"Gjerstad";;;61,35;15,00;76,35;;90,7358;304,72;182,83;8;1,00;90,7358;
17;"Nordagutu";33;"Arendal";;;141,35;15,00;156,35;;171,3158;526,42;315,85;8;1,00;171,3158;
17;"Nordagutu";34;"Kristiansand";;;156,35;15,00;171,35;;218,9758;649,04;389,42;8;1,00;218,9758;
18;"Skien";1;"Bergen";85,50;36,71;103,86;10,28;114,14;;328,8966;918,76;551,26;16;0,50;328,897;
18;"Skien";2;"Arna";79,27;36,71;97,62;10,28;107,91;;319,5466;897,60;538,56;16;0,50;319,547;
18;"Skien";3;"Tysse";74,93;33,08;91,47;10,28;101,76;;301,9706;854,80;512,88;12;0,50;301,971;
18;"Skien";4;"Kvam-Jondal";68,00;29,67;82,83;10,28;93,12;;274,5546;789,38;473,63;12;0,50;274,555;
18;"Skien";5;"Odda";61,20;25,17;73,78;10,28;84,07;;243,3006;712,46;427,48;12;0,50;243,301;
18;"Skien";6;"Røldal";53,28;20,91;63,74;10,28;74,03;;207,4706;620,74;372,44;12;0,50;207,471;
18;"Skien";7;"Sauda";58,23;20,91;68,69;7,06;75,75;;227,4826;672,02;403,21;12;0,50;227,483;"ic. Bø 10min"
18;"Skien";8;"Ølen";65,94;24,96;78,43;7,06;85,48;;259,6726;752,40;451,44;12;0,50;259,673;"ic. Bø 10min"
18;"Skien";9;"Aksdal";73,53;28,97;88,01;7,06;95,07;;291,9626;830,74;498,44;16;0,50;291,963;"ic. Bø 10min"
18;"Skien";10;"Haugesund";75,73;32,82;92,15;8,98;101,13;;301,6426;854,80;512,88;16;0,50;301,643;"ic. Bø 10min"
18;"Skien";11;"Kårstø";75,62;28,97;90,11;20,20;110,31;;299,6666;850,00;510,00;12;0,50;299,667;"ic. Bø, 10min"
18;"Skien";12;"Stavanger";86,81;32,69;103,16;20,20;123,36;;348,7866;965,20;579,12;16;0,50;348,787;"ic. Bø, 10min"
18;"Skien";13;"Haukeligrend";40,10;16,39;48,29;6,78;55,07;;149,1426;467,50;280,50;16;;149,143;
18;"Skien";14;"Åmot";32,22;12,34;38,40;4,76;43,16;;115,7186;374,54;224,73;16;;115,719;
18;"Skien";15;"Brunkeberg";24,41;7,87;28,35;2,52;30,87;;83,0866;284,94;170,97;16;;83,087;
18;"Skien";16;"Bø";16,15;2,82;17,56;;17,56;;47,3152;181,70;109,02;16;;47,315;
18;"Skien";17;"Nordagutu";;;10,57;;10,57;;30,4300;132,04;79,22;24;;30,430;
18;"Skien";19;"Notodden";14,89;3,98;16,88;;16,88;;48,9688;184,60;110,76;16;;48,969;
18;"Skien";20;"Kongsberg";23,15;7,81;27,06;;27,06;;76,4610;265,07;159,04;16;;76,461;
18;"Skien";21;"Eiker";27,28;14,48;34,52;;34,52;;98,8068;327,20;196,32;16;;98,807;
18;"Skien";22;"Drammen";29,88;17,95;38,85;;38,85;;108,6988;355,12;213,07;32;;108,699;
18;"Skien";23;"Nesbru";39,57;17,95;48,54;5,00;53,54;;130,7088;415,84;249,50;32;0,50;130,709;
18;"Skien";24;"Majorstua";43,43;21,48;54,17;2,27;56,44;;146,0088;459,39;275,63;32;;146,009;
18;"Skien";25;"Oslo S";47,29;21,48;58,03;2,27;60,30;;149,5288;467,50;280,50;32;;149,529;
18;"Skien";26;"Holmestrand";;;73,15;;73,15;;103,1300;341,18;204,71;32;;103,130;
18;"Skien";27;"Tønsberg";;;59,00;;59,00;;77,1800;267,92;160,75;48;;77,180;
18;"Skien";28;"Sandefjord";;;37,00;;37,00;;51,8700;193,30;115,98;48;;51,870;
18;"Skien";29;"Larvik";;;19,00;;19,00;;32,7300;137,91;82,75;48;;32,730;
18;"Skien";30;"Porsgrunn";;;6,50;;6,50;;7,8900;63,94;38,36;48;;7,890;
18;"Skien";31;"Drangedal";;;46,56;15,00;61,56;;89,0758;301,90;181,14;16;1,00;89,0758;
18;"Skien";32;"Gjerstad";;;71,56;15,00;86,56;;121,1658;391,12;234,67;16;1,00;121,1658;
18;"Skien";33;"Arendal";;;151,56;15,00;166,56;;201,7458;605,20;363,12;16;1,00;201,7458;
18;"Skien";34;"Kristiansand";;;166,56;15,00;181,56;;249,4058;727,50;436,50;16;1,00;249,4058;
19;"Notodden";1;"Bergen";78,96;34,03;95,98;;95,98;;310,7700;876,28;525,77;16;;310,770;
19;"Notodden";2;"Arna";72,73;34,03;89,74;;89,74;;301,4200;854,80;512,88;16;;301,420;
19;"Notodden";3;"Tysse";68,39;30,40;83,59;;83,59;;283,8440;811,34;486,81;8;;283,844;
19;"Notodden";4;"Kvam-Jondal";61,46;26,99;74,95;;74,95;;256,4280;744,95;446,97;8;;256,428;
19;"Notodden";5;"Odda";54,66;22,49;65,90;;65,90;;225,1740;666,92;400,15;8;;225,174;
19;"Notodden";6;"Røldal";46,74;18,23;55,86;;55,86;;189,3440;573,90;344,34;8;;189,344;
19;"Notodden";7;"Sauda";51,69;18,23;60,81;-1,96;58,84;;209,3560;625,90;375,54;8;;209,356;
19;"Notodden";8;"Ølen";59,40;22,28;70,54;-1,96;68,58;;241,5460;707,44;424,46;8;;241,546;
19;"Notodden";9;"Aksdal";66,98;26,29;80,13;-3,93;76,20;;273,8360;786,92;472,15;8;;273,836;
19;"Notodden";10;"Haugesund";69,19;30,14;84,26;-2,00;82,26;;283,5160;811,34;486,81;8;;283,516;
19;"Notodden";11;"Kårstø";69,08;26,29;82,22;7,95;90,18;;281,5400;806,48;483,89;8;;281,540;
19;"Notodden";12;"Stavanger";80,27;30,01;95,27;7,95;103,23;;330,6600;923,44;554,06;16;;330,660;
19;"Notodden";13;"Haukeligrend";33,56;13,71;40,41;;40,41;;131,0160;418,58;251,15;12;;131,016;
19;"Notodden";14;"Åmot";25,68;9,66;30,52;;30,52;;97,5920;324,40;194,64;12;;97,592;
19;"Notodden";15;"Brunkeberg";17,87;5,19;20,47;;20,47;;64,9600;230,78;138,47;12;;64,960;
19;"Notodden";16;"Bø";;;9,75;;9,75;;29,1886;129,10;77,46;20;;29,189;
19;"Notodden";17;"Nordagutu";;;7,28;;7,28;;18,5480;96,64;57,98;8;;18,548;
19;"Notodden";18;"Skien";14,67;3,99;16,67;;16,67;;48,9780;184,60;110,76;16;;48,978;
19;"Notodden";20;"Kongsberg";;;11,04;;11,04;;27,4922;123,22;73,93;24;;27,492;
19;"Notodden";21;"Eiker";15,16;6,68;18,50;;18,50;;49,8380;187,50;112,50;24;;49,838;
19;"Notodden";22;"Drammen";17,76;10,14;22,83;;22,83;;59,7300;216,40;129,84;48;;59,730;
19;"Notodden";23;"Nesbru";27,45;10,14;32,52;5,00;37,52;;81,7400;279,28;167,57;48;0,50;81,740;
19;"Notodden";24;"Majorstua";31,31;13,67;38,15;2,27;40,42;;97,0400;324,40;194,64;48;;97,040;
19;"Notodden";25;"Oslo S";35,17;13,67;42,01;2,27;44,28;;100,5600;332,80;199,68;48;;100,560;
19;"Notodden";26;"Holmestrand";;;38,58;10,00;48,58;;91,6300;307,54;184,52;32;1,00;91,6300;
19;"Notodden";27;"Tønsberg";;;47,58;10,00;57,58;;117,5800;380,08;228,05;48;1,00;117,5800;
19;"Notodden";28;"Sandefjord";;;53,67;1,05;54,72;;100,8480;332,80;199,68;16;;100,8480;
19;"Notodden";29;"Larvik";;;35,67;1,05;36,72;;81,7080;279,28;167,57;16;;81,7080;
19;"Notodden";30;"Porsgrunn";;;23,17;1,05;24,22;;56,8680;207,75;124,65;16;;56,8680;
19;"Notodden";31;"Drangedal";;;38,75;10,00;48,75;;70,9492;247,96;148,78;16;1,00;70,9492;
19;"Notodden";32;"Gjerstad";;;63,75;10,00;73,75;;103,0392;341,18;204,71;16;1,00;103,0392;
19;"Notodden";33;"Arendal";;;143,75;10,00;153,75;;183,6192;558,14;334,89;16;1,00;183,6192;
19;"Notodden";34;"Kristiansand";;;158,75;10,00;168,75;;231,2792;682,18;409,31;16;1,00;231,2792;
20;"Kongsberg";1;"Bergen";87,13;37,98;106,12;;106,12;;338,3900;942,08;565,25;16;;338,390;
20;"Kongsberg";2;"Arna";80,89;37,98;99,88;;99,88;;329,0400;921,10;552,66;16;;329,040;
20;"Kongsberg";3;"Tysse";76,55;34,36;93,73;;93,73;;311,4640;878,66;527,19;8;;311,464;
20;"Kongsberg";4;"Kvam-Jondal";69,62;30,94;85,09;;85,09;;284,0480;813,78;488,27;8;;284,048;
20;"Kongsberg";5;"Odda";62,82;26,44;76,04;;76,04;;252,7940;734,99;440,99;8;;252,794;
20;"Kongsberg";6;"Røldal";54,91;22,19;66,00;;66,00;;216,9640;643,91;386,35;8;;216,964;
20;"Kongsberg";7;"Sauda";59,85;22,19;70,94;-1,96;68,98;;236,9760;694,83;416,90;8;;236,976;
20;"Kongsberg";8;"Ølen";67,56;26,24;80,68;-1,96;78,72;;269,1660;777,10;466,26;8;;269,166;
20;"Kongsberg";9;"Aksdal";75,15;30,25;90,27;-3,93;86,34;;301,4560;854,80;512,88;8;;301,456;
20;"Kongsberg";10;"Haugesund";77,35;34,10;94,40;-2,00;92,40;;311,1360;878,66;527,19;8;;311,136;
20;"Kongsberg";11;"Kårstø";77,24;30,25;92,36;7,95;100,32;;309,1600;873,90;524,34;8;;309,160;
20;"Kongsberg";12;"Stavanger";88,43;33,96;105,41;7,95;113,37;;358,2800;988,12;592,87;16;;358,280;
20;"Kongsberg";13;"Haukeligrend";41,72;17,66;50,55;;50,55;;158,6360;491,72;295,03;12;;158,636;
20;"Kongsberg";14;"Åmot";33,85;13,62;40,65;;40,65;;125,2120;402,12;241,27;12;;125,212;
20;"Kongsberg";15;"Brunkeberg";26,03;9,14;30,61;;30,61;;92,5800;310,35;186,21;12;;92,580;
20;"Kongsberg";16;"Bø";17,91;3,95;19,89;;19,89;;56,8086;207,75;124,65;20;;56,809;
20;"Kongsberg";17;"Nordagutu";15,45;3,95;17,42;;17,42;;46,1680;178,79;107,27;8;;46,168;
20;"Kongsberg";18;"Skien";22,84;7,94;26,81;;26,81;;76,5980;265,07;159,04;16;;76,598;
20;"Kongsberg";19;"Notodden";;;11,07;;11,07;;27,6200;123,22;73,93;24;;27,620;
20;"Kongsberg";21;"Eiker";;;9,75;;9,75;;22,3458;108,47;65,08;24;;22,346;
20;"Kongsberg";22;"Drammen";12,35;3,46;14,08;;14,08;;32,2378;137,91;82,75;48;;32,238;
20;"Kongsberg";23;"Nesbru";22,04;3,46;23,77;5,00;28,77;;54,2478;201,98;121,19;48;0,50;54,248;
20;"Kongsberg";24;"Majorstua";25,90;7,00;29,40;2,27;31,67;;69,5478;245,10;147,06;48;;69,548;
20;"Kongsberg";25;"Oslo S";29,76;7,00;33,26;2,27;35,53;;73,0678;256,52;153,91;48;;73,068;
20;"Kongsberg";26;"Holmestrand";;;29,83;10,00;39,83;;64,1378;230,78;138,47;32;1,00;64,1378;
20;"Kongsberg";27;"Tønsberg";;;38,83;10,00;48,83;;90,0878;304,72;182,83;48;1,00;90,0878;
20;"Kongsberg";28;"Sandefjord";;;58,88;10,00;68,88;;115,3978;374,54;224,73;48;1,00;115,3978;
20;"Kongsberg";29;"Larvik";;;45,81;1,05;46,86;;109,3280;357,90;214,74;16;;109,3280;
20;"Kongsberg";30;"Porsgrunn";;;33,31;1,05;34,36;;84,4880;287,78;172,67;16;;84,4880;
20;"Kongsberg";31;"Drangedal";;;48,89;10,00;58,89;;98,5692;327,20;196,32;16;1,00;98,5692;
20;"Kongsberg";32;"Gjerstad";;;73,89;10,00;83,89;;130,6592;415,84;249,50;16;1,00;130,6592;
20;"Kongsberg";33;"Arendal";;;153,89;10,00;163,89;;211,2392;631,06;378,63;16;1,00;211,2392;
20;"Kongsberg";34;"Kristiansand";;;168,89;10,00;178,89;;258,8992;749,92;449,95;16;1,00;258,8992;
21;"Eiker";1;"Bergen";91,49;44,48;113,73;;113,73;;360,6080;992,68;595,61;16;;360,608;
21;"Eiker";2;"Arna";85,26;44,48;107,50;;107,50;;351,2580;972,10;583,26;16;;351,258;
21;"Eiker";3;"Tysse";80,92;40,86;101,35;;101,35;;333,6820;930,44;558,27;8;;333,682;
21;"Eiker";4;"Kvam-Jondal";73,99;37,44;92,71;;92,71;;306,2660;866,75;520,05;8;;306,266;
21;"Eiker";5;"Odda";67,19;32,94;83,66;;83,66;;275,0120;791,82;475,09;8;;275,012;
21;"Eiker";6;"Røldal";59,27;28,69;73,62;;73,62;;239,1820;702,40;421,44;8;;239,182;
21;"Eiker";7;"Sauda";64,22;28,69;78,56;-1,96;76,60;;259,1940;752,40;451,44;8;;259,194;
21;"Eiker";8;"Ølen";71,93;32,74;88,30;-1,96;86,34;;291,3840;830,74;498,44;8;;291,384;
21;"Eiker";9;"Aksdal";79,51;36,74;97,89;-3,93;93,96;;323,6740;907,02;544,21;8;;323,674;
21;"Eiker";10;"Haugesund";81,72;40,60;102,02;-2,00;100,02;;333,3540;930,44;558,27;8;;333,354;
21;"Eiker";11;"Kårstø";81,61;36,74;99,98;7,95;107,93;;331,3780;925,78;555,47;8;;331,378;
21;"Eiker";12;"Stavanger";92,80;40,46;113,03;7,95;120,98;;380,4980;1037,84;622,70;16;;380,498;
21;"Eiker";13;"Haukeligrend";46,09;24,16;58,17;;58,17;;180,8540;550,24;330,14;12;;180,854;
21;"Eiker";14;"Åmot";38,21;20,12;48,27;;48,27;;147,4300;462,10;277,26;12;;147,430;
21;"Eiker";15;"Brunkeberg";30,40;15,64;38,22;;38,22;;114,7980;371,78;223,07;12;;114,798;
21;"Eiker";16;"Bø";22,28;10,45;27,51;;27,51;;79,0266;273,60;164,16;20;;79,027;
21;"Eiker";17;"Nordagutu";19,82;10,45;25,04;;25,04;;68,3860;242,24;145,34;8;;68,386;
21;"Eiker";18;"Skien";27,20;14,44;34,43;;34,43;;98,8160;327,20;196,32;16;;98,816;
21;"Eiker";19;"Notodden";15,43;6,50;18,68;;18,68;;49,8380;187,50;112,50;24;;49,838;
21;"Eiker";20;"Kongsberg";;;9,82;;9,82;;22,2180;108,47;65,08;24;;22,218;
21;"Eiker";22;"Drammen";;;5,01;;5,01;;9,8920;69,90;41,94;48;;9,892;
21;"Eiker";23;"Nesbru";14,70;0,00;14,70;5,00;19,70;;31,9020;134,98;80,99;48;0,50;31,902;
21;"Eiker";24;"Majorstua";18,56;3,54;20,33;2,27;22,60;;47,2020;181,70;109,02;48;;47,202;
21;"Eiker";25;"Oslo S";22,42;3,54;24,19;2,27;26,46;;50,7220;190,40;114,24;48;;50,722;
21;"Eiker";26;"Holmestrand";;;20,76;10,00;30,76;;41,7920;164,24;98,54;32;1,00;41,7920;
21;"Eiker";27;"Tønsberg";;;29,76;10,00;39,76;;67,7420;239,38;143,63;48;1,00;67,7420;
21;"Eiker";28;"Sandefjord";;;49,81;10,00;59,81;;93,0520;313,16;187,90;48;1,00;93,0520;
21;"Eiker";29;"Larvik";;;53,43;1,05;54,48;;112,1920;366,23;219,74;16;;131,5460;
21;"Eiker";30;"Porsgrunn";;;40,93;1,05;41,98;;106,7060;349,55;209,73;16;;106,7060;
21;"Eiker";31;"Drangedal";;;56,51;10,00;66,51;;120,7872;388,36;233,02;16;1,00;120,7872;
21;"Eiker";32;"Gjerstad";;;81,51;10,00;91,51;;152,8772;475,59;285,35;16;1,00;152,8772;
21;"Eiker";33;"Arendal";;;161,51;10,00;171,51;;233,4572;687,24;412,35;16;1,00;233,4572;
21;"Eiker";34;"Kristiansand";;;176,51;10,00;186,51;;281,1172;806,48;483,89;16;1,00;281,1172;
22;"Drammen";1;"Bergen";94,08;47,96;118,06;;118,06;;370,5000;1015,36;609,22;32;;370,500;
22;"Drammen";2;"Arna";87,85;47,96;111,83;;111,83;;361,1500;994,96;596,97;32;;361,150;
22;"Drammen";3;"Tysse";83,51;44,33;105,68;;105,68;;343,5740;953,66;572,20;16;;343,574;
22;"Drammen";4;"Kvam-Jondal";76,58;40,92;97,04;;97,04;;316,1580;890,51;534,31;16;;316,158;
22;"Drammen";5;"Odda";69,78;36,42;87,99;;87,99;;284,9040;813,78;488,27;16;;284,904;
22;"Drammen";6;"Røldal";61,86;32,16;77,94;;77,94;;249,0740;727,50;436,50;16;;249,074;
22;"Drammen";7;"Sauda";66,81;32,16;82,89;-1,96;80,93;;269,0860;777,10;466,26;16;;269,086;
22;"Drammen";8;"Ølen";74,52;36,21;92,63;-1,96;90,66;;301,2760;854,80;512,88;16;;301,276;
22;"Drammen";9;"Aksdal";82,10;40,22;102,22;-3,93;98,29;;333,5660;930,44;558,27;16;;333,566;
22;"Drammen";10;"Haugesund";84,31;44,07;106,35;-2,00;104,35;;343,2460;953,66;572,20;16;;343,246;
22;"Drammen";11;"Kårstø";84,20;40,22;104,31;7,95;112,26;;341,2700;949,04;569,42;16;;341,270;
22;"Drammen";12;"Stavanger";95,39;43,94;117,36;7,95;125,31;;390,3900;1060,12;636,07;32;;390,390;
22;"Drammen";13;"Haukeligrend";48,68;27,64;62,50;;62,50;;190,7460;576,52;345,91;24;;190,746;
22;"Drammen";14;"Åmot";40,80;23,59;52,60;;52,60;;157,3220;489,04;293,42;24;;157,322;
22;"Drammen";15;"Brunkeberg";32,99;19,12;42,55;;42,55;;124,6900;399,38;239,63;24;;124,690;
22;"Drammen";16;"Bø";24,87;13,93;31,84;;31,84;;88,9186;299,08;179,45;40;;88,919;
22;"Drammen";17;"Nordagutu";22,41;13,93;29,37;;29,37;;78,2780;270,76;162,46;16;;78,278;
22;"Drammen";18;"Skien";29,79;17,92;38,75;;38,75;;108,7080;355,12;213,07;32;;108,708;
22;"Drammen";19;"Notodden";18,02;9,98;23,01;;23,01;;59,7300;216,40;129,84;48;;59,730;
22;"Drammen";20;"Kongsberg";12,41;3,48;14,15;;14,15;;32,1100;137,91;82,75;48;;32,110;
22;"Drammen";21;"Eiker";;;5,02;;5,02;;9,8920;69,90;41,94;48;;9,892;
22;"Drammen";23;"Nesbru";;;8,64;;8,64;;22,0100;108,47;65,08;72;;22,010;
22;"Drammen";24;"Majorstua";12,50;3,54;14,27;2,27;16,54;;37,3100;152,56;91,53;144;;37,310;
22;"Drammen";25;"Oslo S";16,36;3,54;18,13;2,27;20,39;;40,8300;161,32;96,79;144;;40,830;
22;"Drammen";26;"Holmestrand";;;15,75;;15,75;;31,9000;134,98;80,99;32;;31,900;
22;"Drammen";27;"Tønsberg";;;24,75;;24,75;;57,8500;210,64;126,38;48;;57,850;
22;"Drammen";28;"Sandefjord";;;44,80;;44,80;;83,1600;284,94;170,97;48;;83,160;
22;"Drammen";29;"Larvik";;;57,75;1,05;58,80;;102,3000;338,39;203,03;32;;141,438;
22;"Drammen";30;"Porsgrunn";;;45,25;1,05;46,30;;116,5980;377,31;226,39;32;;116,598;
22;"Drammen";31;"Drangedal";;;60,84;10,00;70,84;;130,6792;415,84;249,50;16;1,00;130,6792;
22;"Drammen";32;"Gjerstad";;;85,84;10,00;95,84;;162,7692;502,43;301,46;16;1,00;162,7692;
22;"Drammen";33;"Arendal";;;165,84;10,00;175,84;;243,3492;712,46;427,48;16;1,00;243,3492;
22;"Drammen";34;"Kristiansand";;;180,84;10,00;190,84;;291,0092;830,74;498,44;16;1,00;291,0092;
23;"Nesbru";1;"Bergen";103,71;47,96;127,69;5,00;132,69;;392,5100;1064,55;638,73;32;0,50;392,510;
23;"Nesbru";2;"Arna";97,48;47,96;121,46;5,00;126,46;;383,1600;1044,54;626,73;32;0,50;383,160;
23;"Nesbru";3;"Tysse";93,14;44,33;115,31;5,00;120,31;;365,5840;1004,04;602,43;16;0,50;365,584;
23;"Nesbru";4;"Kvam-Jondal";86,21;40,92;106,67;5,00;111,67;;338,1680;942,08;565,25;16;0,50;338,168;
23;"Nesbru";5;"Odda";79,41;36,42;97,62;5,00;102,62;;306,9140;866,75;520,05;16;0,50;306,914;
23;"Nesbru";6;"Røldal";71,49;32,16;87,58;5,00;92,58;;271,0840;782,02;469,21;16;0,50;271,084;
23;"Nesbru";7;"Sauda";76,44;32,16;92,52;3,04;95,56;;291,0960;830,74;498,44;16;0,50;291,096;
23;"Nesbru";8;"Ølen";84,15;36,21;102,26;3,04;105,30;;323,2860;907,02;544,21;16;0,50;323,286;
23;"Nesbru";9;"Aksdal";91,74;40,22;111,85;1,07;112,92;;355,5760;981,26;588,76;16;0,50;355,576;
23;"Nesbru";10;"Haugesund";93,94;44,07;115,98;3,00;118,98;;365,2560;1004,04;602,43;16;0,50;365,256;
23;"Nesbru";11;"Kårstø";93,83;40,22;113,94;12,95;126,89;;363,2800;999,50;599,70;16;0,50;363,280;
23;"Nesbru";12;"Stavanger";105,02;43,94;126,99;12,95;139,94;;412,4000;1108,43;665,06;32;0,50;412,400;
23;"Nesbru";13;"Haukeligrend";58,31;27,64;72,13;5,00;77,13;;212,7560;633,63;380,18;24;0,50;212,756;
23;"Nesbru";14;"Åmot";50,43;23,59;62,23;5,00;67,23;;179,3320;547,60;328,56;24;0,50;179,332;
23;"Nesbru";15;"Brunkeberg";42,62;19,12;52,18;5,00;57,18;;146,7000;459,39;275,63;24;0,50;146,700;
23;"Nesbru";16;"Bø";34,50;13,93;41,47;5,00;46,47;;110,9286;360,68;216,41;40;0,50;110,929;
23;"Nesbru";17;"Nordagutu";32,04;13,93;39,00;5,00;44,00;;100,2880;332,80;199,68;16;0,50;100,288;
23;"Nesbru";18;"Skien";39,43;17,92;48,39;5,00;53,39;;130,7180;415,84;249,50;32;0,50;130,718;
23;"Nesbru";19;"Notodden";27,65;9,98;32,64;5,00;37,64;;81,7400;279,28;167,57;48;0,50;81,740;
23;"Nesbru";20;"Kongsberg";22,04;3,48;23,78;5,00;28,78;;54,1200;201,98;121,19;48;0,50;54,120;
23;"Nesbru";21;"Eiker";14,65;0,00;14,65;5,00;19,65;;31,9020;134,98;80,99;48;0,50;31,902;
23;"Nesbru";22;"Drammen";;;8,58;;8,58;;22,0100;108,47;65,08;72;;22,010;
23;"Nesbru";24;"Majorstua";;;6,35;0,50;6,85;;15,3000;87,74;52,65;72;;15,300;
23;"Nesbru";25;"Oslo S";10,20;0,00;10,20;0,50;10,70;;18,8200;96,64;57,98;72;;18,820;
23;"Nesbru";26;"Holmestrand";;;24,33;6,05;30,38;;53,9100;199,08;119,45;32;0,50;53,9100;
23;"Nesbru";27;"Tønsberg";;;33,33;6,05;39,38;;79,8600;273,60;164,16;48;0,50;79,8600;
23;"Nesbru";28;"Sandefjord";;;53,38;6,05;59,43;;105,1700;346,76;208,06;48;0,50;105,1700;
23;"Nesbru";29;"Larvik";;;67,39;6,05;73,44;;124,3100;399,38;239,63;32;0,50;163,4480;
23;"Nesbru";30;"Porsgrunn";;;54,89;6,05;60,94;;138,6080;437,68;262,61;32;0,50;138,6080;
23;"Nesbru";31;"Drangedal";;;70,47;10,00;80,47;;152,6892;475,59;285,35;16;1,00;152,6892;
23;"Nesbru";32;"Gjerstad";;;95,47;10,00;105,47;;184,7792;560,78;336,47;16;1,00;184,7792;
23;"Nesbru";33;"Arendal";;;175,47;10,00;185,47;;265,3592;767,24;460,35;16;1,00;265,3592;
23;"Nesbru";34;"Kristiansand";;;190,47;10,00;200,47;;313,0192;883,40;530,04;16;1,00;313,0192;
24;"Majorstua";1;"Bergen";107,58;51,55;133,35;2,30;135,65;;407,8100;1097,54;658,52;32;;407,810;
24;"Majorstua";2;"Arna";101,34;51,55;127,11;2,30;129,41;;398,4600;1077,80;646,68;32;;398,460;
24;"Majorstua";3;"Tysse";97,00;47,92;120,97;2,30;123,26;;380,8840;1037,84;622,70;16;;380,884;
24;"Majorstua";4;"Kvam-Jondal";90,07;44,51;112,33;2,30;114,62;;353,4680;976,68;586,01;16;;353,468;
24;"Majorstua";5;"Odda";83,27;40,01;103,27;2,30;105,57;;322,2140;904,67;542,80;16;;322,214;
24;"Majorstua";6;"Røldal";75,36;35,75;93,23;2,30;95,53;;286,3840;818,63;491,18;16;;286,384;
24;"Majorstua";7;"Sauda";80,30;35,75;98,18;0,33;98,51;;306,3960;866,75;520,05;16;;306,396;
24;"Majorstua";8;"Ølen";88,02;39,80;107,92;0,33;108,25;;338,5860;942,08;565,25;16;;338,586;
24;"Majorstua";9;"Aksdal";95,60;43,81;117,50;-1,63;115,87;;370,8760;1015,36;609,22;16;;370,876;
24;"Majorstua";10;"Haugesund";97,80;47,66;121,64;0,29;121,93;;380,5560;1037,84;622,70;16;;380,556;
24;"Majorstua";11;"Kårstø";97,69;43,81;119,60;10,25;129,85;;378,5800;1033,36;620,02;16;;378,580;
24;"Majorstua";12;"Stavanger";108,88;47,53;132,65;10,25;142,90;;427,7000;1140,82;684,49;32;;427,700;
24;"Majorstua";13;"Haukeligrend";62,17;31,23;77,78;2,30;80,08;;228,0560;674,56;404,74;24;;228,056;
24;"Majorstua";14;"Åmot";54,30;27,18;67,89;2,30;70,18;;194,6320;586,98;352,19;24;;194,632;
24;"Majorstua";15;"Brunkeberg";46,49;22,71;57,84;2,30;60,14;;162,0000;499,76;299,85;24;;162,000;
24;"Majorstua";16;"Bø";38,37;17,52;47,13;2,30;49,42;;126,2286;404,87;242,92;40;;126,229;
24;"Majorstua";17;"Nordagutu";35,90;17,52;44,66;2,30;46,95;;115,5880;374,54;224,73;16;;115,588;
24;"Majorstua";18;"Skien";43,29;21,51;54,04;2,30;56,34;;146,0180;459,39;275,63;32;;146,018;
24;"Majorstua";19;"Notodden";31,52;13,57;38,30;2,30;40,60;;97,0400;324,40;194,64;48;;97,040;
24;"Majorstua";20;"Kongsberg";25,90;7,07;29,43;2,30;31,73;;69,4200;245,10;147,06;48;;69,420;
24;"Majorstua";21;"Eiker";18,51;3,59;20,31;2,30;22,60;;47,2020;181,70;109,02;48;;47,202;
24;"Majorstua";22;"Drammen";12,44;3,59;14,24;2,30;16,53;;37,3100;152,56;91,53;144;;37,310;
24;"Majorstua";23;"Nesbru";;;6,40;0,50;6,90;;15,3000;87,74;52,65;72;;15,300;
24;"Majorstua";25;"Oslo S";;;2,81;;2,81;;3,5200;51,98;31,19;144;;3,520;
24;"Majorstua";26;"Holmestrand";;;29,99;3,35;33,33;;69,2100;245,10;147,06;32;;69,2100;
24;"Majorstua";27;"Tønsberg";;;38,99;3,35;42,33;;95,1600;318,78;191,27;48;;95,1600;
24;"Majorstua";28;"Sandefjord";;;59,04;3,35;62,38;;120,4700;388,36;233,02;48;;120,4700;
24;"Majorstua";29;"Larvik";;;73,04;3,35;76,39;;139,6100;440,40;264,24;32;;178,7480;
24;"Majorstua";30;"Porsgrunn";;;60,54;3,35;63,89;;153,9080;478,28;286,97;32;;153,9080;
24;"Majorstua";31;"Drangedal";;;76,13;12,30;88,42;;167,9892;515,78;309,47;16;1,00;167,9892;
24;"Majorstua";32;"Gjerstad";;;101,13;12,30;113,42;;200,0792;602,60;361,56;16;1,00;200,0792;
24;"Majorstua";33;"Arendal";;;181,13;12,30;193,42;;280,6592;804,04;482,42;16;1,00;280,6592;
24;"Majorstua";34;"Kristiansand";;;196,13;12,30;208,42;;328,3192;918,76;551,26;16;1,00;328,3192;
25;"Oslo S";1;"Bergen";111,20;51,55;136,98;2,30;139,27;;411,3300;1106,26;663,75;32;;411,330;
25;"Oslo S";2;"Arna";104,97;51,55;130,74;2,30;133,04;;401,9800;1084,40;650,64;32;;401,980;
25;"Oslo S";3;"Tysse";100,63;47,92;124,59;2,30;126,89;;384,4040;1046,78;628,07;16;;384,404;
25;"Oslo S";4;"Kvam-Jondal";93,70;44,51;115,95;2,30;118,25;;356,9880;983,55;590,13;16;;356,988;
25;"Oslo S";5;"Odda";86,90;40,01;106,90;2,30;109,20;;325,7340;911,72;547,03;16;;325,734;
25;"Oslo S";6;"Røldal";78,98;35,75;96,86;2,30;99,16;;289,9040;825,90;495,54;16;;289,904;
25;"Oslo S";7;"Sauda";83,93;35,75;101,81;0,33;102,14;;309,9160;873,90;524,34;16;;309,916;
25;"Oslo S";8;"Ølen";91,64;39,80;111,55;0,33;111,88;;342,1060;951,35;570,81;16;;342,106;
25;"Oslo S";9;"Aksdal";99,23;43,81;121,13;-1,63;119,50;;374,3960;1024,38;614,63;16;;374,396;
25;"Oslo S";10;"Haugesund";101,43;47,66;125,27;0,29;125,56;;384,0760;1046,78;628,07;16;;384,076;
25;"Oslo S";11;"Kårstø";101,32;43,81;123,23;10,25;133,47;;382,1000;1042,31;625,39;16;;382,100;
25;"Oslo S";12;"Stavanger";112,51;47,53;136,28;10,25;146,53;;431,2200;1149,38;689,63;32;;431,220;
25;"Oslo S";13;"Haukeligrend";65,80;31,23;81,41;2,30;83,71;;231,5760;682,18;409,31;24;;231,576;
25;"Oslo S";14;"Åmot";57,93;27,18;71,52;2,30;73,81;;198,1520;597,40;358,44;24;;198,152;
25;"Oslo S";15;"Brunkeberg";50,11;22,71;61,47;2,30;63,76;;165,5200;510,44;306,27;24;;165,520;
25;"Oslo S";16;"Bø";41,99;17,52;50,75;2,30;53,05;;129,7486;413,10;247,86;40;;129,749;
25;"Oslo S";17;"Nordagutu";39,53;17,52;48,29;2,30;50,58;;119,1080;385,60;231,36;16;;119,108;
25;"Oslo S";18;"Skien";46,92;21,51;57,67;2,30;59,97;;149,5380;467,50;280,50;32;;149,538;
25;"Oslo S";19;"Notodden";35,14;13,57;41,93;2,30;44,22;;100,5600;332,80;199,68;48;;100,560;
25;"Oslo S";20;"Kongsberg";29,53;7,07;33,06;2,30;35,36;;72,9400;253,67;152,20;48;;72,940;
25;"Oslo S";21;"Eiker";22,14;3,59;23,93;2,30;26,23;;50,7220;190,40;114,24;48;;50,722;
25;"Oslo S";22;"Drammen";16,07;3,59;17,87;2,30;20,16;;40,8300;161,32;96,79;144;;40,830;
25;"Oslo S";23;"Nesbru";10,03;0,00;10,03;0,50;10,53;;18,8200;96,64;57,98;72;;18,820;
25;"Oslo S";24;"Majorstua";;;2,58;;2,58;;3,5200;51,98;31,19;144;;3,520;
25;"Oslo S";26;"Holmestrand";;;33,62;3,35;36,96;;72,7300;253,67;152,20;32;;72,7300;
25;"Oslo S";27;"Tønsberg";;;42,62;3,35;45,96;;98,6800;327,20;196,32;48;;98,6800;
25;"Oslo S";28;"Sandefjord";;;62,67;3,35;66,01;;123,9900;396,62;237,97;48;;123,9900;
25;"Oslo S";29;"Larvik";;;76,67;3,35;80,02;;143,1300;451,26;270,76;32;;182,2680;
25;"Oslo S";30;"Porsgrunn";;;64,17;3,35;67,52;;157,4280;489,04;293,42;32;;157,4280;
25;"Oslo S";31;"Drangedal";;;79,75;12,30;92,05;;171,5092;526,42;315,85;16;1,00;171,5092;
25;"Oslo S";32;"Gjerstad";;;104,75;12,30;117,05;;203,5992;610,38;366,23;16;1,00;203,5992;
25;"Oslo S";33;"Arendal";;;184,75;12,30;197,05;;284,1792;813,78;488,27;16;1,00;284,1792;
25;"Oslo S";34;"Kristiansand";;;199,75;12,30;212,05;;331,8392;925,78;555,47;16;1,00;331,8392;
26;"Holmestrand";1;"Bergen";;;133,81;10,00;143,81;;402,4000;1086,59;651,95;32;1,00;402,4000;
26;"Holmestrand";2;"Arna";;;127,58;10,00;137,58;;393,0500;1066,76;640,06;32;1,00;393,0500;
26;"Holmestrand";3;"Tysse";;;121,43;10,00;131,43;;375,4740;1026,62;615,97;16;1,00;375,4740;
26;"Holmestrand";4;"Kvam-Jondal";;;112,79;10,00;122,79;;348,0580;965,20;579,12;16;1,00;348,0580;
26;"Holmestrand";5;"Odda";;;103,74;10,00;113,74;;316,8040;890,51;534,31;16;1,00;316,8040;
26;"Holmestrand";6;"Røldal";;;93,69;10,00;103,69;;280,9740;804,04;482,42;16;1,00;280,9740;
26;"Holmestrand";7;"Sauda";;;98,64;8,04;106,68;;300,9860;852,40;511,44;16;1,00;300,9860;
26;"Holmestrand";8;"Ølen";;;108,38;8,04;116,41;;333,1760;930,44;558,27;16;1,00;333,1760;
26;"Holmestrand";9;"Aksdal";;;117,97;6,07;124,04;;365,4660;1004,04;602,43;16;1,00;365,4660;
26;"Holmestrand";10;"Haugesund";;;122,10;8,00;130,10;;375,1460;1026,62;615,97;16;1,00;375,1460;
26;"Holmestrand";11;"Kårstø";;;120,06;17,95;138,01;;373,1700;1022,12;613,27;16;1,00;373,1700;
26;"Holmestrand";12;"Stavanger";;;133,11;17,95;151,06;;422,2900;1130,07;678,04;32;1,00;422,2900;
26;"Holmestrand";13;"Haukeligrend";;;78,25;10,00;88,25;;222,6460;659,27;395,56;24;1,00;222,6460;
26;"Holmestrand";14;"Åmot";;;68,35;10,00;78,35;;189,2220;573,90;344,34;24;1,00;189,2220;
26;"Holmestrand";15;"Brunkeberg";;;58,30;10,00;68,30;;156,5900;486,35;291,81;24;1,00;156,5900;
26;"Holmestrand";16;"Bø";;;47,59;10,00;57,59;;120,8186;388,36;233,02;32;1,00;120,8186;
26;"Holmestrand";17;"Nordagutu";;;45,12;10,00;55,12;;110,1780;360,68;216,41;16;1,00;110,1780;
26;"Holmestrand";18;"Skien";;;73,15;;73,15;;103,1300;341,18;204,71;32;;103,130;
26;"Holmestrand";19;"Notodden";;;38,76;10,00;48,76;;91,6300;307,54;184,52;32;1,00;91,6300;
26;"Holmestrand";20;"Kongsberg";;;29,90;10,00;39,90;;64,0100;230,78;138,47;32;1,00;64,0100;
26;"Holmestrand";21;"Eiker";;;20,77;10,00;30,77;;41,7920;164,24;98,54;32;1,00;41,7920;
26;"Holmestrand";22;"Drammen";;;15,75;;15,75;;31,9000;134,98;80,99;32;;31,900;
26;"Holmestrand";23;"Nesbru";;;24,39;6,05;30,44;;53,9100;199,08;119,45;32;0,50;53,9100;
26;"Holmestrand";24;"Majorstua";;;30,02;3,32;33,34;;69,2100;245,10;147,06;32;;69,2100;
26;"Holmestrand";25;"Oslo S";;;33,88;3,32;37,19;;72,7300;253,67;152,20;32;;72,7300;
26;"Holmestrand";27;"Tønsberg";;;13,10;;13,10;;25,9500;117,32;70,39;32;;25,950;
26;"Holmestrand";28;"Sandefjord";;;33,15;;33,15;;51,2600;193,30;115,98;32;;51,260;
26;"Holmestrand";29;"Larvik";;;51,15;;51,15;;70,4000;247,96;148,78;32;;70,400;
26;"Holmestrand";30;"Porsgrunn";;;65,65;;65,65;;95,2400;318,78;191,27;32;;95,240;
26;"Holmestrand";31;"Drangedal";;;76,59;20,00;96,59;;162,5792;502,43;301,46;16;2,00;162,5792;
26;"Holmestrand";32;"Gjerstad";;;101,59;20,00;121,59;;194,6692;586,98;352,19;16;2,00;194,6692;
26;"Holmestrand";33;"Arendal";;;181,59;20,00;201,59;;275,2492;791,82;475,09;16;2,00;275,2492;
26;"Holmestrand";34;"Kristiansand";;;196,59;20,00;216,59;;322,9092;904,67;542,80;16;2,00;322,9092;
27;"Tønsberg";1;"Bergen";;;162,86;-0,53;162,33;;406,0766;1095,35;657,21;32;0,50;406,0766;
27;"Tønsberg";2;"Arna";;;156,62;-0,53;156,10;;396,7266;1073,39;644,03;32;0,50;396,7266;
27;"Tønsberg";3;"Tysse";;;150,47;-0,53;149,95;;379,1506;1035,60;621,36;16;0,50;379,1506;
27;"Tønsberg";4;"Kvam-Jondal";;;141,83;-0,53;141,31;;351,7346;972,10;583,26;16;0,50;351,7346;
27;"Tønsberg";5;"Odda";;;132,78;-0,53;132,26;;320,4806;899,96;539,98;16;0,50;320,4806;
27;"Tønsberg";6;"Røldal";;;122,74;-0,53;122,22;;284,6506;813,78;488,27;16;0,50;284,6506;
27;"Tønsberg";7;"Sauda";;;127,69;-2,49;125,20;;304,6626;861,98;517,19;16;0,50;304,6626;
27;"Tønsberg";8;"Ølen";;;137,43;-2,49;134,94;;336,8526;937,43;562,46;16;0,50;336,8526;
27;"Tønsberg";9;"Aksdal";;;147,01;-2,49;144,52;;369,1426;1013,10;607,86;16;0,50;369,1426;
27;"Tønsberg";10;"Haugesund";;;151,15;-0,56;150,58;;378,8226;1033,36;620,02;16;0,50;378,8226;
27;"Tønsberg";11;"Kårstø";;;149,11;7,43;156,53;;376,8466;1028,87;617,32;16;0,50;376,8466;
27;"Tønsberg";12;"Stavanger";;;162,16;7,43;169,58;;425,9666;1136,52;681,91;16;0,50;425,9666;
27;"Tønsberg";13;"Haukeligrend";;;107,29;1,05;108,34;;226,3226;669,47;401,68;16;;226,3226;
27;"Tønsberg";14;"Åmot";;;97,40;1,05;98,45;;192,8986;581,75;349,05;16;;192,8986;
27;"Tønsberg";15;"Brunkeberg";;;87,35;1,05;88,40;;160,2666;497,08;298,25;16;;160,2666;
27;"Tønsberg";16;"Bø";;;76,56;1,05;77,61;;124,4952;399,38;239,63;16;;124,4952;
27;"Tønsberg";17;"Nordagutu";;;69,57;1,05;70,62;;107,6100;352,34;211,40;24;;107,6100;
27;"Tønsberg";18;"Skien";;;59,00;;59,00;;77,1800;267,92;160,75;48;;77,180;
27;"Tønsberg";19;"Notodden";;;47,76;10,00;57,76;;117,5800;380,08;228,05;48;1,00;117,5800;
27;"Tønsberg";20;"Kongsberg";;;38,90;10,00;48,90;;89,9600;301,90;181,14;48;1,00;89,9600;
27;"Tønsberg";21;"Eiker";;;29,77;10,00;39,77;;67,7420;239,38;143,63;48;1,00;67,7420;
27;"Tønsberg";22;"Drammen";;;24,75;;24,75;;57,8500;210,64;126,38;48;;57,850;
27;"Tønsberg";23;"Nesbru";;;33,39;6,05;39,44;;79,8600;273,60;164,16;48;0,50;79,8600;
27;"Tønsberg";24;"Majorstua";;;39,02;3,32;42,34;;95,1600;318,78;191,27;48;;95,1600;
27;"Tønsberg";25;"Oslo S";;;42,88;3,32;46,19;;98,6800;327,20;196,32;48;;98,6800;
27;"Tønsberg";26;"Holmestrand";;;13,10;;13,10;;25,9500;117,32;70,39;32;;25,950;
27;"Tønsberg";28;"Sandefjord";;;19,00;;19,00;;25,3100;117,32;70,39;48;;25,310;
27;"Tønsberg";29;"Larvik";;;37,00;;37,00;;44,4500;172,98;103,79;48;;44,450;
27;"Tønsberg";30;"Porsgrunn";;;51,50;;51,50;;69,2900;245,10;147,06;48;;69,290;
27;"Tønsberg";31;"Drangedal";;;105,56;16,05;121,61;;166,2558;513,11;307,87;16;1,00;166,2558;
27;"Tønsberg";32;"Gjerstad";;;130,56;16,05;146,61;;198,3458;597,40;358,44;16;1,00;198,3458;
27;"Tønsberg";33;"Arendal";;;210,56;16,05;226,61;;278,9258;799,16;479,50;16;1,00;278,9258;
27;"Tønsberg";34;"Kristiansand";;;225,56;16,05;241,61;;326,5858;914,07;548,44;16;1,00;326,5858;
28;"Sandefjord";1;"Bergen";;;140,86;11,33;152,19;;380,7666;1037,84;622,70;16;0,50;380,7666;
28;"Sandefjord";2;"Arna";;;134,62;11,33;145,96;;371,4166;1017,62;610,57;16;0,50;371,4166;
28;"Sandefjord";3;"Tysse";;;128,47;11,33;139,81;;353,8406;976,68;586,01;12;0,50;353,8406;
28;"Sandefjord";4;"Kvam-Jondal";;;119,83;11,33;131,17;;326,4246;914,07;548,44;12;0,50;326,4246;
28;"Sandefjord";5;"Odda";;;110,78;11,33;122,12;;295,1706;840,38;504,23;12;0,50;295,1706;
28;"Sandefjord";6;"Røldal";;;100,74;11,33;112,08;;259,3406;752,40;451,44;12;0,50;259,3406;
28;"Sandefjord";7;"Sauda";;;105,69;8,11;113,80;;279,3526;801,60;480,96;12;0,50;279,3526;
28;"Sandefjord";8;"Ølen";;;115,43;8,11;123,53;;311,5426;878,66;527,19;12;0,50;311,5426;
28;"Sandefjord";9;"Aksdal";;;125,01;8,11;133,12;;343,8326;953,66;572,20;16;0,50;343,8326;
28;"Sandefjord";10;"Haugesund";;;129,15;10,03;139,18;;353,5126;976,68;586,01;16;0,50;353,5126;
28;"Sandefjord";11;"Kårstø";;;127,11;21,25;148,36;;351,5366;972,10;583,26;12;0,50;351,5366;"ic. Bø, 10min"
28;"Sandefjord";12;"Stavanger";;;140,16;21,25;161,41;;400,6566;1082,20;649,32;16;0,50;400,6566;"ic. Bø, 10min"
28;"Sandefjord";13;"Haukeligrend";;;85,29;1,05;86,34;;201,0126;605,20;363,12;16;;201,0126;
28;"Sandefjord";14;"Åmot";;;75,40;1,05;76,45;;167,5886;515,78;309,47;16;;167,5886;
28;"Sandefjord";15;"Brunkeberg";;;65,35;1,05;66,40;;134,9566;426,78;256,07;16;;134,9566;
28;"Sandefjord";16;"Bø";;;54,56;1,05;55,61;;99,1852;330,00;198,00;16;;99,1852;
28;"Sandefjord";17;"Nordagutu";;;47,57;1,05;48,62;;82,3000;282,11;169,27;24;;82,3000;
28;"Sandefjord";18;"Skien";;;37,00;;37,00;;51,8700;193,30;115,98;48;;51,870;
28;"Sandefjord";19;"Notodden";;;53,88;1,05;54,93;;100,8388;332,80;199,68;16;;100,8388;
28;"Sandefjord";20;"Kongsberg";;;58,95;10,00;68,95;;115,2700;374,54;224,73;48;1,00;115,2700;
28;"Sandefjord";21;"Eiker";;;49,82;10,00;59,82;;93,0520;313,16;187,90;48;1,00;93,0520;
28;"Sandefjord";22;"Drammen";;;44,80;;44,80;;83,1600;284,94;170,97;48;;83,160;
28;"Sandefjord";23;"Nesbru";;;53,44;6,05;59,49;;105,1700;346,76;208,06;48;0,50;105,1700;
28;"Sandefjord";24;"Majorstua";;;59,07;3,32;62,39;;120,4700;388,36;233,02;48;;120,4700;
28;"Sandefjord";25;"Oslo S";;;62,93;3,32;66,24;;123,9900;396,62;237,97;48;;123,9900;
28;"Sandefjord";26;"Holmestrand";;;33,15;;33,15;;51,2600;193,30;115,98;32;;51,260;
28;"Sandefjord";27;"Tønsberg";;;19,00;;19,00;;25,3100;117,32;70,39;48;;25,310;
28;"Sandefjord";29;"Larvik";;;15,00;;15,00;;19,1400;99,60;59,76;48;;19,140;
28;"Sandefjord";30;"Porsgrunn";;;29,50;;29,50;;43,9800;170,06;102,04;48;;43,980;
28;"Sandefjord";31;"Drangedal";;;83,56;16,05;99,61;;140,9458;443,12;265,87;16;1,00;140,9458;
28;"Sandefjord";32;"Gjerstad";;;108,56;16,05;124,61;;173,0358;531,72;319,03;16;1,00;173,0358;
28;"Sandefjord";33;"Arendal";;;188,56;16,05;204,61;;253,6158;737,48;442,49;16;1,00;253,6158;
28;"Sandefjord";34;"Kristiansand";;;203,56;16,05;219,61;;301,2758;854,80;512,88;16;1,00;301,2758;
29;"Larvik";1;"Bergen";;;122,86;11,33;134,19;;361,6266;994,96;596,97;16;0,50;361,6266;
29;"Larvik";2;"Arna";;;116,62;11,33;127,96;;352,2766;974,39;584,63;16;0,50;352,2766;
29;"Larvik";3;"Tysse";;;110,47;11,33;121,81;;334,7006;932,78;559,67;12;0,50;334,7006;
29;"Larvik";4;"Kvam-Jondal";;;101,83;11,33;113,17;;307,2846;869,14;521,48;12;0,50;307,2846;
29;"Larvik";5;"Odda";;;92,78;11,33;104,12;;276,0306;794,27;476,56;12;0,50;276,0306;
29;"Larvik";6;"Røldal";;;82,74;11,33;94,08;;240,2006;704,92;422,95;12;0,50;240,2006;
29;"Larvik";7;"Sauda";;;87,69;8,11;95,80;;260,2126;754,88;452,93;12;0,50;260,2126;
29;"Larvik";8;"Ølen";;;97,43;8,11;105,53;;292,4026;833,15;499,89;12;0,50;292,4026;
29;"Larvik";9;"Aksdal";;;107,01;8,11;115,12;;324,6926;909,38;545,63;16;0,50;324,6926;
29;"Larvik";10;"Haugesund";;;111,15;10,03;121,18;;334,3726;932,78;559,67;16;0,50;334,3726;
29;"Larvik";11;"Kårstø";;;109,11;21,25;130,36;;332,3966;928,11;556,87;12;0,50;332,3966;"ic. Bø, 10min"
29;"Larvik";12;"Stavanger";;;122,16;21,25;143,41;;381,5166;1040,08;624,05;16;0,50;381,5166;"ic. Bø, 10min"
29;"Larvik";13;"Haukeligrend";;;67,29;1,05;68,34;;181,8726;552,88;331,73;16;;181,8726;
29;"Larvik";14;"Åmot";;;57,40;1,05;58,45;;148,4486;464,80;278,88;16;;148,4486;
29;"Larvik";15;"Brunkeberg";;;47,35;1,05;48,40;;115,8166;374,54;224,73;16;;115,8166;
29;"Larvik";16;"Bø";;;36,56;1,05;37,61;;80,0452;276,44;165,86;16;;80,0452;
29;"Larvik";17;"Nordagutu";;;29,57;1,05;30,62;;63,1600;227,90;136,74;24;;63,1600;
29;"Larvik";18;"Skien";;;19,00;;19,00;;32,7300;137,91;82,75;48;;32,730;
29;"Larvik";19;"Notodden";;;35,88;1,05;36,93;;81,6988;279,28;167,57;16;;81,6988;
29;"Larvik";20;"Kongsberg";;;46,06;1,05;47,11;;109,1910;357,90;214,74;16;;109,1910;
29;"Larvik";21;"Eiker";;;53,52;1,05;54,57;;112,1920;366,23;219,74;16;;131,5368;
29;"Larvik";22;"Drammen";;;57,85;1,05;58,90;;102,3000;338,39;203,03;32;;141,429;
29;"Larvik";23;"Nesbru";;;67,54;6,05;73,59;;124,3100;399,38;239,63;32;0,50;163,4388;
29;"Larvik";24;"Majorstua";;;73,17;3,32;76,49;;139,6100;440,40;264,24;32;;178,7388;
29;"Larvik";25;"Oslo S";;;77,03;3,32;80,35;;143,1300;451,26;270,76;32;;182,2588;
29;"Larvik";26;"Holmestrand";;;51,15;;51,15;;70,4000;247,96;148,78;32;;70,400;
29;"Larvik";27;"Tønsberg";;;37,00;;37,00;;44,4500;172,98;103,79;48;;44,450;
29;"Larvik";28;"Sandefjord";;;15,00;;15,00;;19,1400;99,60;59,76;48;;19,140;
29;"Larvik";30;"Porsgrunn";;;11,50;;11,50;;24,8400;114,38;68,63;48;;24,840;
29;"Larvik";31;"Drangedal";;;65,56;16,05;81,61;;121,8058;391,12;234,67;16;1,00;121,8058;
29;"Larvik";32;"Gjerstad";;;90,56;16,05;106,61;;153,8958;478,28;286,97;16;1,00;153,8958;
29;"Larvik";33;"Arendal";;;170,56;16,05;186,61;;234,4758;689,78;413,87;16;1,00;234,4758;
29;"Larvik";34;"Kristiansand";;;185,56;16,05;201,61;;282,1358;808,91;485,35;16;1,00;282,1358;
30;"Porsgrunn";1;"Bergen";;;110,36;11,33;121,69;;336,7866;937,43;562,46;16;0,50;336,7866;
30;"Porsgrunn";2;"Arna";;;104,12;11,33;115,46;;327,4366;916,42;549,85;16;0,50;327,4366;
30;"Porsgrunn";3;"Tysse";;;97,97;11,33;109,31;;309,8606;873,90;524,34;12;0,50;309,8606;
30;"Porsgrunn";4;"Kvam-Jondal";;;89,33;11,33;100,67;;282,4446;808,91;485,35;12;0,50;282,4446;
30;"Porsgrunn";5;"Odda";;;80,28;11,33;91,62;;251,1906;732,50;439,50;12;0,50;251,1906;
30;"Porsgrunn";6;"Røldal";;;70,24;11,33;81,58;;215,3606;641,34;384,81;12;0,50;215,3606;
30;"Porsgrunn";7;"Sauda";;;75,19;8,11;83,30;;235,3726;692,30;415,38;12;0,50;235,3726;
30;"Porsgrunn";8;"Ølen";;;84,93;8,11;93,03;;267,5626;772,18;463,31;12;0,50;267,5626;
30;"Porsgrunn";9;"Aksdal";;;94,51;8,11;102,62;;299,8526;850,00;510,00;16;0,50;299,8526;
30;"Porsgrunn";10;"Haugesund";;;98,65;10,03;108,68;;309,5326;873,90;524,34;16;0,50;309,5326;
30;"Porsgrunn";11;"Kårstø";;;96,61;21,25;117,86;;307,5566;869,14;521,48;12;0,50;307,5566;"ic. Bø, 10min"
30;"Porsgrunn";12;"Stavanger";;;109,66;21,25;130,91;;356,6766;983,55;590,13;16;0,50;356,6766;"ic. Bø, 10min"
30;"Porsgrunn";13;"Haukeligrend";;;54,79;1,05;55,84;;157,0326;489,04;293,42;16;;157,0326;
30;"Porsgrunn";14;"Åmot";;;44,90;1,05;45,95;;123,6086;396,62;237,97;16;;123,6086;
30;"Porsgrunn";15;"Brunkeberg";;;34,85;1,05;35,90;;90,9766;304,72;182,83;16;;90,9766;
30;"Porsgrunn";16;"Bø";;;24,06;1,05;25,11;;55,2052;204,86;122,92;16;;55,2052;
30;"Porsgrunn";17;"Nordagutu";;;17,07;1,05;18,12;;38,3200;155,48;93,29;24;;38,3200;
30;"Porsgrunn";18;"Skien";;;6,50;;6,50;;7,8900;63,94;38,36;48;;7,890;
30;"Porsgrunn";19;"Notodden";;;23,38;1,05;24,43;;56,8588;207,75;124,65;16;;56,8588;
30;"Porsgrunn";20;"Kongsberg";;;33,56;1,05;34,61;;84,3510;287,78;172,67;16;;84,3510;
30;"Porsgrunn";21;"Eiker";;;41,02;1,05;42,07;;106,6968;349,55;209,73;16;;106,6968;
30;"Porsgrunn";22;"Drammen";;;45,35;1,05;46,40;;116,5888;377,31;226,39;32;;116,589;
30;"Porsgrunn";23;"Nesbru";;;55,04;6,05;61,09;;138,5988;437,68;262,61;32;0,50;138,5988;
30;"Porsgrunn";24;"Majorstua";;;60,67;3,32;63,99;;153,8988;478,28;286,97;32;;153,8988;
30;"Porsgrunn";25;"Oslo S";;;64,53;3,32;67,85;;157,4188;489,04;293,42;32;;157,4188;
30;"Porsgrunn";26;"Holmestrand";;;65,65;;65,65;;95,2400;318,78;191,27;32;;95,240;
30;"Porsgrunn";27;"Tønsberg";;;51,50;;51,50;;69,2900;245,10;147,06;48;;69,290;
30;"Porsgrunn";28;"Sandefjord";;;29,50;;29,50;;43,9800;170,06;102,04;48;;43,980;
30;"Porsgrunn";29;"Larvik";;;11,50;;11,50;;24,8400;114,38;68,63;48;;24,840;
30;"Porsgrunn";31;"Drangedal";;;53,06;16,05;69,11;;96,9658;321,59;192,95;16;1,00;96,9658;
30;"Porsgrunn";32;"Gjerstad";;;78,06;16,05;94,11;;129,0558;413,10;247,86;16;1,00;129,0558;
30;"Porsgrunn";33;"Arendal";;;158,06;16,05;174,11;;209,6358;625,90;375,54;16;1,00;209,6358;
30;"Porsgrunn";34;"Kristiansand";;;173,06;16,05;189,11;;257,2958;747,44;448,46;16;1,00;257,2958;
31;"Drangedal";1;"Bergen";;;116,77;15,00;131,77;;323,7136;907,02;544,21;16;1,00;323,7136;
31;"Drangedal";2;"Arna";;;110,53;15,00;125,53;;314,3636;885,78;531,47;16;1,00;314,3636;
31;"Drangedal";3;"Tysse";;;104,38;15,00;119,38;;296,7876;842,79;505,67;8;1,00;296,7876;
31;"Drangedal";4;"Kvam-Jondal";;;95,74;15,00;110,74;;269,3716;777,10;466,26;8;1,00;269,3716;
31;"Drangedal";5;"Odda";;;86,69;15,00;101,69;;238,1176;699,88;419,93;8;1,00;238,1176;
31;"Drangedal";6;"Røldal";;;76,65;15,00;91,65;;202,2876;607,79;364,67;8;1,00;202,2876;
31;"Drangedal";7;"Sauda";;;81,60;11,74;93,34;;222,2996;659,27;395,56;8;1,00;222,2996;
31;"Drangedal";8;"Ølen";;;91,34;11,74;103,07;;254,4896;739,98;443,99;8;1,00;254,4896;
31;"Drangedal";9;"Aksdal";;;100,92;8,48;109,40;;286,7796;818,63;491,18;16;1,00;286,7796;
31;"Drangedal";10;"Haugesund";;;105,06;10,40;115,46;;296,4596;842,79;505,67;16;1,00;296,4596;
31;"Drangedal";11;"Kårstø";;;103,02;21,66;124,67;;294,4836;837,98;502,79;8;1,00;294,4836;
31;"Drangedal";12;"Stavanger";;;116,07;21,66;137,72;;343,6036;953,66;572,20;16;1,00;343,6036;
31;"Drangedal";13;"Haukeligrend";;;61,20;17,13;78,33;;143,9596;451,26;270,76;16;1,00;143,9596;
31;"Drangedal";14;"Åmot";;;51,31;16,12;67,43;;110,5356;360,68;216,41;16;1,00;110,5356;
31;"Drangedal";15;"Brunkeberg";;;41,26;15,00;56,26;;77,9036;267,92;160,75;16;1,00;77,9036;
31;"Drangedal";16;"Bø";;;29,00;;29,00;;41,5200;164,24;98,54;16;;41,520;
31;"Drangedal";17;"Nordagutu";;;36,37;15,00;51,37;;58,5840;213,52;128,11;8;1,00;58,5840;
31;"Drangedal";18;"Skien";;;46,41;15,00;61,41;;89,0140;301,90;181,14;16;1,00;89,0140;
31;"Drangedal";19;"Notodden";;;38,99;10,00;48,99;;70,9500;247,96;148,78;16;1,00;70,9500;
31;"Drangedal";20;"Kongsberg";;;49,05;10,00;59,05;;98,4422;327,20;196,32;16;1,00;98,4422;
31;"Drangedal";21;"Eiker";;;56,51;10,00;66,51;;120,7880;388,36;233,02;16;1,00;120,7880;
31;"Drangedal";22;"Drammen";;;60,85;10,00;70,85;;130,6800;415,84;249,50;16;1,00;130,6800;
31;"Drangedal";23;"Nesbru";;;70,54;10,00;80,54;;152,8436;475,59;285,35;16;1,00;152,8436;
31;"Drangedal";24;"Majorstua";;;76,17;12,27;88,43;;167,9900;515,78;309,47;16;1,00;167,9900;
31;"Drangedal";25;"Oslo S";;;80,02;12,27;92,29;;171,5100;526,42;315,85;16;1,00;171,5100;
31;"Drangedal";26;"Holmestrand";;;76,60;20,00;96,60;;162,5800;502,43;301,46;16;2,00;162,5800;
31;"Drangedal";27;"Tønsberg";;;105,41;16,05;121,46;;166,1940;513,11;307,87;16;1,00;166,1940;
31;"Drangedal";28;"Sandefjord";;;83,41;16,05;99,46;;140,8840;443,12;265,87;16;1,00;140,8840;
31;"Drangedal";29;"Larvik";;;65,41;16,05;81,46;;121,7440;391,12;234,67;16;1,00;121,7440;
31;"Drangedal";30;"Porsgrunn";;;52,91;16,05;68,96;;96,9040;321,59;192,95;16;1,00;96,9040;
31;"Drangedal";32;"Gjerstad";;;24,00;;24,00;;32,0900;137,91;82,75;16;;32,090;
31;"Drangedal";33;"Arendal";;;104,00;;104,00;;112,6700;366,23;219,74;16;;112,670;
31;"Drangedal";34;"Kristiansand";;;119,00;;119,00;;160,3300;497,08;298,25;16;;160,330;
32;"Gjerstad";1;"Bergen";;;141,77;15,00;156,77;;355,8036;981,26;588,76;16;1,00;355,8036;
32;"Gjerstad";2;"Arna";;;135,53;15,00;150,53;;346,4536;960,59;576,35;16;1,00;346,4536;
32;"Gjerstad";3;"Tysse";;;129,38;15,00;144,38;;328,8776;918,76;551,26;8;1,00;328,8776;
32;"Gjerstad";4;"Kvam-Jondal";;;120,74;15,00;135,74;;301,4616;854,80;512,88;8;1,00;301,4616;
32;"Gjerstad";5;"Odda";;;111,69;15,00;126,69;;270,2076;779,56;467,74;8;1,00;270,2076;
32;"Gjerstad";6;"Røldal";;;101,65;15,00;116,65;;234,3776;689,78;413,87;8;1,00;234,3776;
32;"Gjerstad";7;"Sauda";;;106,60;11,74;118,34;;254,3896;739,98;443,99;8;1,00;254,3896;
32;"Gjerstad";8;"Ølen";;;116,34;11,74;128,07;;286,5796;818,63;491,18;8;1,00;286,5796;
32;"Gjerstad";9;"Aksdal";;;125,92;8,48;134,40;;318,8696;895,24;537,14;16;1,00;318,8696;
32;"Gjerstad";10;"Haugesund";;;130,06;10,40;140,46;;328,5496;918,76;551,26;16;1,00;328,5496;
32;"Gjerstad";11;"Kårstø";;;128,02;21,66;149,67;;326,5736;914,07;548,44;8;1,00;326,5736;
32;"Gjerstad";12;"Stavanger";;;141,07;21,66;162,72;;375,6936;1026,62;615,97;16;1,00;375,6936;
32;"Gjerstad";13;"Haukeligrend";;;86,20;17,13;103,33;;176,0496;539,67;323,80;16;1,00;176,0496;
32;"Gjerstad";14;"Åmot";;;76,31;16,12;92,43;;142,6256;448,55;269,13;16;1,00;142,6256;
32;"Gjerstad";15;"Brunkeberg";;;66,26;15,00;81,26;;109,9936;357,90;214,74;16;1,00;109,9936;
32;"Gjerstad";16;"Bø";;;54,00;;54,00;;73,6100;256,52;153,91;16;;73,610;
32;"Gjerstad";17;"Nordagutu";;;61,37;15,00;76,37;;90,6740;304,72;182,83;8;1,00;90,6740;
32;"Gjerstad";18;"Skien";;;71,41;15,00;86,41;;121,1040;391,12;234,67;16;1,00;121,1040;
32;"Gjerstad";19;"Notodden";;;63,99;10,00;73,99;;103,0400;341,18;204,71;16;1,00;103,0400;
32;"Gjerstad";20;"Kongsberg";;;74,05;10,00;84,05;;130,5322;415,84;249,50;16;1,00;130,5322;
32;"Gjerstad";21;"Eiker";;;81,51;10,00;91,51;;152,8780;475,59;285,35;16;1,00;152,8780;
32;"Gjerstad";22;"Drammen";;;85,85;10,00;95,85;;162,7700;502,43;301,46;16;1,00;162,7700;
32;"Gjerstad";23;"Nesbru";;;95,54;10,00;105,54;;184,9336;560,78;336,47;16;1,00;184,9336;
32;"Gjerstad";24;"Majorstua";;;101,17;12,27;113,43;;200,2336;602,60;361,56;16;1,00;200,2336;
32;"Gjerstad";25;"Oslo S";;;105,02;12,27;117,29;;203,7536;610,38;366,23;16;1,00;203,7536;
32;"Gjerstad";26;"Holmestrand";;;101,60;20,00;121,60;;194,6700;586,98;352,19;16;2,00;194,6700;
32;"Gjerstad";27;"Tønsberg";;;130,41;16,05;146,46;;198,2840;597,40;358,44;16;1,00;198,2840;
32;"Gjerstad";28;"Sandefjord";;;108,41;16,05;124,46;;172,9740;529,07;317,44;16;1,00;172,9740;
32;"Gjerstad";29;"Larvik";;;90,41;16,05;106,46;;153,8340;478,28;286,97;16;1,00;153,8340;
32;"Gjerstad";30;"Porsgrunn";;;77,91;16,05;93,96;;128,9940;410,36;246,22;16;1,00;128,9940;
32;"Gjerstad";31;"Drangedal";;;24,00;;24,00;;32,0900;137,91;82,75;16;;32,090;
32;"Gjerstad";33;"Arendal";;;74,00;;74,00;;80,5800;276,44;165,86;16;;80,580;
32;"Gjerstad";34;"Kristiansand";;;89,00;;89,00;;128,2400;410,36;246,22;16;;128,240;
33;"Arendal";1;"Bergen";;;221,77;15,00;236,77;;436,3836;1160,03;696,02;16;1,00;436,3836;
33;"Arendal";2;"Arna";;;215,53;15,00;230,53;;427,0336;1140,82;684,49;16;1,00;427,0336;
33;"Arendal";3;"Tysse";;;209,38;15,00;224,38;;409,4576;1101,90;661,14;8;1,00;409,4576;
33;"Arendal";4;"Kvam-Jondal";;;200,74;15,00;215,74;;382,0416;1042,31;625,39;8;1,00;382,0416;
33;"Arendal";5;"Odda";;;191,69;15,00;206,69;;350,7876;969,80;581,88;8;1,00;350,7876;
33;"Arendal";6;"Røldal";;;181,65;15,00;196,65;;314,9576;885,78;531,47;8;1,00;314,9576;
33;"Arendal";7;"Sauda";;;186,60;11,74;198,34;;334,9696;932,78;559,67;8;1,00;334,9696;
33;"Arendal";8;"Ølen";;;196,34;11,74;208,07;;367,1596;1008,58;605,15;8;1,00;367,1596;
33;"Arendal";9;"Aksdal";;;205,92;8,48;214,40;;399,4496;1080,00;648,00;16;1,00;399,4496;
33;"Arendal";10;"Haugesund";;;210,06;10,40;220,46;;409,1296;1101,90;661,14;16;1,00;409,1296;
33;"Arendal";11;"Kårstø";;;208,02;21,66;229,67;;407,1536;1097,54;658,52;8;1,00;407,1536;
33;"Arendal";12;"Stavanger";;;221,07;21,66;242,72;;456,2736;1202,15;721,29;16;1,00;456,2736;
33;"Arendal";13;"Haukeligrend";;;166,20;17,13;183,33;;256,6296;744,95;446,97;16;1,00;256,6296;
33;"Arendal";14;"Åmot";;;156,31;16,12;172,43;;223,2056;661,82;397,09;16;1,00;223,2056;
33;"Arendal";15;"Brunkeberg";;;146,26;15,00;161,26;;190,5736;576,52;345,91;16;1,00;190,5736;
33;"Arendal";16;"Bø";;;134,00;;134,00;;154,1900;480,98;288,59;16;;154,190;
33;"Arendal";17;"Nordagutu";;;141,37;15,00;156,37;;171,2540;526,42;315,85;8;1,00;171,2540;
33;"Arendal";18;"Skien";;;151,41;15,00;166,41;;201,6840;605,20;363,12;16;1,00;201,6840;
33;"Arendal";19;"Notodden";;;143,99;10,00;153,99;;183,6200;558,14;334,89;16;1,00;183,6200;
33;"Arendal";20;"Kongsberg";;;154,05;10,00;164,05;;211,1122;631,06;378,63;16;1,00;211,1122;
33;"Arendal";21;"Eiker";;;161,51;10,00;171,51;;233,4580;687,24;412,35;16;1,00;233,4580;
33;"Arendal";22;"Drammen";;;165,85;10,00;175,85;;243,3500;712,46;427,48;16;1,00;243,3500;
33;"Arendal";23;"Nesbru";;;175,54;10,00;185,54;;265,5136;767,24;460,35;16;1,00;265,5136;
33;"Arendal";24;"Majorstua";;;181,17;12,27;193,43;;280,8136;804,04;482,42;16;1,00;280,8136;
33;"Arendal";25;"Oslo S";;;185,02;12,27;197,29;;284,3336;813,78;488,27;16;1,00;284,3336;
33;"Arendal";26;"Holmestrand";;;181,60;20,00;201,60;;275,2500;791,82;475,09;16;2,00;275,2500;
33;"Arendal";27;"Tønsberg";;;210,41;16,05;226,46;;278,8640;799,16;479,50;16;1,00;278,8640;
33;"Arendal";28;"Sandefjord";;;188,41;16,05;204,46;;253,5540;737,48;442,49;16;1,00;253,5540;
33;"Arendal";29;"Larvik";;;170,41;16,05;186,46;;234,4140;689,78;413,87;16;1,00;234,4140;
33;"Arendal";30;"Porsgrunn";;;157,91;16,05;173,96;;209,5740;625,90;375,54;16;1,00;209,5740;
33;"Arendal";31;"Drangedal";;;104,00;;104,00;;112,6700;366,23;219,74;16;;112,670;
33;"Arendal";32;"Gjerstad";;;74,00;;74,00;;80,5800;276,44;165,86;16;;80,580;
34;"Kristiansand";1;"Bergen";;;236,77;15,00;251,77;;484,0436;1259,78;755,87;16;1,00;484,0436;
34;"Kristiansand";2;"Arna";;;230,53;15,00;245,53;;474,6936;1239,38;743,63;16;1,00;474,6936;
34;"Kristiansand";3;"Tysse";;;224,38;15,00;239,38;;457,1176;1204,24;722,54;8;1,00;457,1176;
34;"Kristiansand";4;"Kvam-Jondal";;;215,74;15,00;230,74;;429,7016;1145,10;687,06;8;1,00;429,7016;
34;"Kristiansand";5;"Odda";;;206,69;15,00;221,69;;398,4476;1077,80;646,68;8;1,00;398,4476;
34;"Kristiansand";6;"Røldal";;;196,65;15,00;211,65;;362,6176;997,23;598,34;8;1,00;362,6176;
34;"Kristiansand";7;"Sauda";;;201,60;11,74;213,34;;382,6296;1042,31;625,39;8;1,00;382,6296;
34;"Kristiansand";8;"Ølen";;;211,34;11,74;223,07;;414,8196;1112,78;667,67;8;1,00;414,8196;
34;"Kristiansand";9;"Aksdal";;;220,92;8,48;229,40;;447,1096;1183,30;709,98;16;1,00;447,1096;
34;"Kristiansand";10;"Haugesund";;;225,06;10,40;235,46;;456,7896;1202,15;721,29;16;1,00;456,7896;
34;"Kristiansand";11;"Kårstø";;;223,02;21,66;244,67;;454,8136;1197,98;718,79;8;1,00;454,8136;
34;"Kristiansand";12;"Stavanger";;;236,07;21,66;257,72;;503,9336;1297,98;778,79;16;1,00;503,9336;
34;"Kristiansand";13;"Haukeligrend";;;181,20;17,13;198,33;;304,2896;861,98;517,19;16;1,00;304,2896;
34;"Kristiansand";14;"Åmot";;;171,31;16,12;187,43;;270,8656;779,56;467,74;16;1,00;270,8656;
34;"Kristiansand";15;"Brunkeberg";;;161,26;15,00;176,26;;238,2336;699,88;419,93;16;1,00;238,2336;
34;"Kristiansand";16;"Bø";;;149,00;;149,00;;201,8500;605,20;363,12;16;;201,850;
34;"Kristiansand";17;"Nordagutu";;;156,37;15,00;171,37;;218,9140;649,04;389,42;8;1,00;218,9140;
34;"Kristiansand";18;"Skien";;;166,41;15,00;181,41;;249,3440;727,50;436,50;16;1,00;249,3440;
34;"Kristiansand";19;"Notodden";;;158,99;10,00;168,99;;231,2800;682,18;409,31;16;1,00;231,2800;
34;"Kristiansand";20;"Kongsberg";;;169,05;10,00;179,05;;258,7722;749,92;449,95;16;1,00;258,7722;
34;"Kristiansand";21;"Eiker";;;176,51;10,00;186,51;;281,1180;806,48;483,89;16;1,00;281,1180;
34;"Kristiansand";22;"Drammen";;;180,85;10,00;190,85;;291,0100;830,74;498,44;16;1,00;291,0100;
34;"Kristiansand";23;"Nesbru";;;190,54;10,00;200,54;;313,1736;883,40;530,04;16;1,00;313,1736;
34;"Kristiansand";24;"Majorstua";;;196,17;12,27;208,43;;328,4736;918,76;551,26;16;1,00;328,4736;
34;"Kristiansand";25;"Oslo S";;;200,02;12,27;212,29;;331,9936;925,78;555,47;16;1,00;331,9936;
34;"Kristiansand";26;"Holmestrand";;;196,60;20,00;216,60;;322,9100;904,67;542,80;16;2,00;322,9100;
34;"Kristiansand";27;"Tønsberg";;;225,41;16,05;241,46;;326,5240;914,07;548,44;16;1,00;326,5240;
34;"Kristiansand";28;"Sandefjord";;;203,41;16,05;219,46;;301,2140;854,80;512,88;16;1,00;301,2140;
34;"Kristiansand";29;"Larvik";;;185,41;16,05;201,46;;282,0740;808,91;485,35;16;1,00;282,0740;
34;"Kristiansand";30;"Porsgrunn";;;172,91;16,05;188,96;;257,2340;747,44;448,46;16;1,00;257,2340;
34;"Kristiansand";31;"Drangedal";;;119,00;;119,00;;160,3300;497,08;298,25;16;;160,330;
34;"Kristiansand";32;"Gjerstad";;;89,00;;89,00;;128,2400;410,36;246,22;16;;128,240;
