"St.num.";"Station name";"St.num.";"Station name";"Time1";"Time2";0;"Ticket Wo";"Ticket Nw";"Serv.";"Interch.";"Dist. real";"Comment"
1;"Bergen";2;"Arna";5,22208333333333;5,22208333333333;0;69,9;41,94;72;0;9,35;0
1;"Bergen";3;"Tysse";13,3445166666667;13,3445166666667;0;120,271;72,1626;36;0;26,926;0
1;"Bergen";4;"Kvam-Jondal";21,99145;21,99145;0;201,975;121,185;36;0;54,342;0
1;"Bergen";5;"Odda";31,5651;31,5651;0;290,604;174,3624;36;0;85,596;0
1;"Bergen";6;"Røldal";42,1652666666667;42,1652666666667;0;391,116;234,6696;36;0;121,426;0
1;"Bergen";7;"Sauda";52,2778166666667;52,2778166666667;0;480,975;288,585;16;0;154,669;0
1;"Bergen";8;"Ølen";62,0158166666667;62,0158166666667;0;566,031;339,6186;16;0;186,859;0
1;"Bergen";9;"Aksdal";71,6023583333333;71,6023583333333;0;651,6;390,96;16;0;219,149;0
1;"Bergen";10;"Haugesund";75,7353166666667;77,6611916666667;0;674,559;404,7354;16;0;228,829;0
1;"Bergen";11;"Kårstø";73,6960083333333;83,6129066666667;0;669,471;401,6826;16;0;226,853;0
1;"Bergen";12;"Stavanger";86,7463;96,6631983333333;0;791,824;475,0944;32;0;275,973;0
1;"Bergen";13;"Haukeligrend";58,223275;58,223275;0;547,6;328,56;24;0;179,804;0
1;"Bergen";14;"Åmot";68,1323416666667;68,1323416666667;0;636,204;381,7224;24;0;213,178;0
1;"Bergen";15;"Brunkeberg";78,0317083333333;78,0317083333333;0;717,484;430,4904;24;0;245,81;0
1;"Bergen";16;"Bø";88,577575;88,577575;0;806,476;483,8856;24;0;281,427;0
1;"Bergen";17;"Nordagutu";94,616275;104,637525;0;847,599;508,5594;8;0,5;298,404;0
1;"Bergen";18;"Skien";104,655691666667;114,676941666667;0;918,759;551,2554;16;0,5;328,834;0
1;"Bergen";19;"Notodden";97,118375;97,118375;0;876,279;525,7674;16;0;310,77;0
1;"Bergen";20;"Kongsberg";107,177078333333;107,177078333333;0;942,079;565,2474;16;0;338,2622;0
1;"Bergen";21;"Eiker";114,639633333333;114,639633333333;0;992,679;595,6074;16;0;360,608;0
1;"Bergen";22;"Drammen";118,970375;118,970375;0;1015,359;609,2154;32;0;370,5;0
1;"Bergen";23;"Nesbru";128,661208333333;133,661208333333;0;1064,551;638,7306;32;0,5;392,51;0
1;"Bergen";24;"Majorstua";134,290458333333;136,557958333333;0;1097,536;658,5216;32;0;407,81;0
1;"Bergen";25;"Oslo S";138,146625;140,414125;0;1106,256;663,7536;32;0;411,33;0
1;"Bergen";26;"Holmestrand";134,720375;144,720375;0;1086,591;651,9546;32;1;402,4;"ic. Dr 10min"
1;"Bergen";27;"Tønsberg";163,655691666667;162,993408333333;0;1095,351;657,2106;32;0,5;406,014;"ic. Dr 10min"
1;"Bergen";28;"Sandefjord";141,655691666667;152,726941666667;0;1037,839;622,7034;16;0,5;380,704;"ic. Bø 10min"
1;"Bergen";29;"Larvik";123,655691666667;134,726941666667;0;994,956;596,9736;16;0,5;361,564;"ic. Bø 10min"
1;"Bergen";30;"Porsgrunn";111,155691666667;122,226941666667;0;937,431;562,4586;16;0,5;336,724;"ic. Bø 10min"
1;"Bergen";31;"Drangedal";117,577575;132,577575;0;907,024;544,2144;16;1;323,724;0
1;"Bergen";32;"Gjerstad";142,577575;157,577575;0;981,264;588,7584;16;1;355,814;0
1;"Bergen";33;"Arendal";222,577575;237,577575;0;1160,031;696,0186;16;1;436,394;0
1;"Bergen";34;"Kristiansand";237,577575;252,577575;0;1259,775;755,865;16;1;484,054;0
2;"Arna";1;"Bergen";5,18533333333336;5,18533333333336;0;69,9;41,94;72;0;9,34999999999997;0
2;"Arna";3;"Tysse";7,07243333333334;7,07243333333334;0;93,676;56,2056;36;0;17,576;0
2;"Arna";4;"Kvam-Jondal";15,7193666666667;15,7193666666667;0;172,975;103,785;36;0;44,992;0
2;"Arna";5;"Odda";25,2930166666667;25,2930166666667;0;265,071;159,0426;36;0;76,246;0
2;"Arna";6;"Røldal";35,8931833333333;35,8931833333333;0;366,231;219,7386;36;0;112,076;0
2;"Arna";7;"Sauda";46,0057333333333;46,0057333333333;0;456,684;274,0104;16;0;145,319;0
2;"Arna";8;"Ølen";55,7437333333333;55,7437333333333;0;542,316;325,3896;16;0;177,509;0
2;"Arna";9;"Aksdal";65,330275;65,330275;0;625,9;375,54;16;0;209,799;0
2;"Arna";10;"Haugesund";69,4632333333333;71,3891083333333;0;651,6;390,96;16;0;219,479;0
2;"Arna";11;"Kårstø";67,423925;77,3408233333333;0;646,476;387,8856;16;0;217,503;0
2;"Arna";12;"Stavanger";80,4742166666667;90,391115;0;769,711;461,8266;32;0;266,623;0
2;"Arna";13;"Haukeligrend";51,9511916666667;51,9511916666667;0;523,759;314,2554;24;0;170,454;0
2;"Arna";14;"Åmot";61,8602583333333;61,8602583333333;0;610,384;366,2304;24;0;203,828;0
2;"Arna";15;"Brunkeberg";71,759625;71,759625;0;694,831;416,8986;24;0;236,46;0
2;"Arna";16;"Bø";82,3054916666667;82,3054916666667;0;784,471;470,6826;24;0;272,077;0
2;"Arna";17;"Nordagutu";88,3441916666667;98,3654416666667;0;825,9;495,54;8;0,5;289,054;0
2;"Arna";18;"Skien";98,3836083333333;108,404858333333;0;897,6;538,56;16;0,5;319,484;0
2;"Arna";19;"Notodden";90,8462916666667;90,8462916666667;0;854,796;512,8776;16;0;301,42;0
2;"Arna";20;"Kongsberg";100,904995;100,904995;0;918,759;551,2554;16;0;328,9122;0
2;"Arna";21;"Eiker";108,36755;108,36755;0;972,096;583,2576;16;0;351,258;0
2;"Arna";22;"Drammen";112,698291666667;112,698291666667;0;994,956;596,9736;32;0;361,15;0
2;"Arna";23;"Nesbru";122,389125;127,389125;0;1044,544;626,7264;32;0,5;383,16;0
2;"Arna";24;"Majorstua";128,018375;130,285875;0;1077,799;646,6794;32;0;398,46;0
2;"Arna";25;"Oslo S";131,874541666667;134,142041666667;0;1084,396;650,6376;32;0;401,98;0
2;"Arna";26;"Holmestrand";128,448291666667;138,448291666667;0;1066,764;640,0584;32;1;393,05;0
2;"Arna";27;"Tønsberg";157,383608333333;156,721325;0;1073,391;644,0346;32;0,5;396,664;0
2;"Arna";28;"Sandefjord";135,383608333333;146,454858333333;0;1017,616;610,5696;16;0,5;371,354;0
2;"Arna";29;"Larvik";117,383608333333;128,454858333333;0;974,391;584,6346;16;0,5;352,214;0
2;"Arna";30;"Porsgrunn";104,883608333333;115,954858333333;0;916,416;549,8496;16;0,5;327,374;0
2;"Arna";31;"Drangedal";111,305491666667;126,305491666667;0;885,775;531,465;16;1;314,374;0
2;"Arna";32;"Gjerstad";136,305491666667;151,305491666667;0;960,591;576,3546;16;1;346,464;0
2;"Arna";33;"Arendal";216,305491666667;231,305491666667;0;1140,816;684,4896;16;1;427,044;0
2;"Arna";34;"Kristiansand";231,305491666667;246,305491666667;0;1239,375;743,625;16;1;474,704;0
3;"Tysse";1;"Bergen";13,1467666666667;13,1467666666667;0;120,271;72,1626;36;0;26,926;0
3;"Tysse";2;"Arna";6,91143333333332;6,91143333333332;0;93,676;56,2056;36;0;17,576;0
3;"Tysse";4;"Kvam-Jondal";9,37843333333333;9,37843333333333;0;123,216;73,9296;18;0;27,416;0
3;"Tysse";5;"Odda";18,9520833333333;18,9520833333333;0;213,519;128,1114;18;0;58,67;0
3;"Tysse";6;"Røldal";29,55225;29,55225;0;315,975;189,585;18;0;94,5;0
3;"Tysse";7;"Sauda";39,6648;39,6648;0;407,616;244,5696;8;0;127,743;0
3;"Tysse";8;"Ølen";49,4028;49,4028;0;494,4;296,64;8;0;159,933;0
3;"Tysse";9;"Aksdal";58,9893416666667;58,9893416666667;0;581,751;349,0506;8;0;192,223;0
3;"Tysse";10;"Haugesund";63,1223;65,048175;0;605,196;363,1176;8;0;201,903;0
3;"Tysse";11;"Kårstø";61,0829916666667;70,99989;0;600;360;8;0;199,927;0
3;"Tysse";12;"Stavanger";74,1332833333333;84,0501816666667;0;727,5;436,5;16;0;249,047;0
3;"Tysse";13;"Haukeligrend";45,6102583333333;45,6102583333333;0;475,591;285,3546;12;0;152,878;0
3;"Tysse";14;"Åmot";55,519325;55,519325;0;566,031;339,6186;12;0;186,252;0
3;"Tysse";15;"Brunkeberg";65,4186916666667;65,4186916666667;0;649,039;389,4234;12;0;218,884;0
3;"Tysse";16;"Bø";75,9645583333333;75,9645583333333;0;739,975;443,985;12;0;254,501;0
3;"Tysse";17;"Nordagutu";82,0032583333333;92,7047583333333;0;782,016;469,2096;8;0,75;271,478;0
3;"Tysse";18;"Skien";92,042675;102,063925;0;854,796;512,8776;12;0,5;301,908;0
3;"Tysse";19;"Notodden";84,5053583333334;84,5053583333334;0;811,344;486,8064;8;0;283,844;0
3;"Tysse";20;"Kongsberg";94,5640616666667;94,5640616666667;0;878,656;527,1936;8;0;311,3362;0
3;"Tysse";21;"Eiker";102,026616666667;102,026616666667;0;930,444;558,2664;8;0;333,682;0
3;"Tysse";22;"Drammen";106,357358333333;106,357358333333;0;953,664;572,1984;16;0;343,574;0
3;"Tysse";23;"Nesbru";116,048191666667;121,048191666667;0;1004,044;602,4264;16;0,5;365,584;0
3;"Tysse";24;"Majorstua";121,677441666667;123,944941666667;0;1037,839;622,7034;16;0;380,884;0
3;"Tysse";25;"Oslo S";125,533608333333;127,801108333333;0;1046,775;628,065;16;0;384,404;0
3;"Tysse";26;"Holmestrand";122,107358333333;132,107358333333;0;1026,624;615,9744;16;1;375,474;0
3;"Tysse";27;"Tønsberg";151,042675;150,380391666667;0;1035,6;621,36;16;0,5;379,088;0
3;"Tysse";28;"Sandefjord";129,042675;140,113925;0;976,684;586,0104;12;0,5;353,778;0
3;"Tysse";29;"Larvik";111,042675;122,113925;0;932,775;559,665;12;0,5;334,638;0
3;"Tysse";30;"Porsgrunn";98,542675;109,613925;0;873,9;524,34;12;0,5;309,798;0
3;"Tysse";31;"Drangedal";104,964558333333;119,964558333333;0;842,791;505,6746;8;1;296,798;0
3;"Tysse";32;"Gjerstad";129,964558333333;144,964558333333;0;918,759;551,2554;8;1;328,888;0
3;"Tysse";33;"Arendal";209,964558333333;224,964558333333;0;1101,9;661,14;8;1;409,468;0
3;"Tysse";34;"Kristiansand";224,964558333333;239,964558333333;0;1204,236;722,5416;8;1;457,128;0
4;"Kvam-Jondal";1;"Bergen";21,680825;21,680825;0;201,975;121,185;36;0;54,342;0
4;"Kvam-Jondal";2;"Arna";15,4454916666666;15,4454916666666;0;172,975;103,785;36;0;44,992;0
4;"Kvam-Jondal";3;"Tysse";9,2961833333333;9,2961833333333;0;123,216;73,9296;18;0;27,416;0
4;"Kvam-Jondal";5;"Odda";10,35065;10,35065;0;134,976;80,9856;18;0;31,254;0
4;"Kvam-Jondal";6;"Røldal";20,9508166666667;20,9508166666667;0;239,376;143,6256;18;0;67,084;0
4;"Kvam-Jondal";7;"Sauda";31,0633666666667;31,0633666666667;0;332,799;199,6794;8;0;100,327;0
4;"Kvam-Jondal";8;"Ølen";40,8013666666667;40,8013666666667;0;421,311;252,7866;8;0;132,517;0
4;"Kvam-Jondal";9;"Aksdal";50,3879083333333;50,3879083333333;0;507,775;304,665;8;0;164,807;0
4;"Kvam-Jondal";10;"Haugesund";54,5208666666667;56,4467416666667;0;534,375;320,625;8;0;174,487;0
4;"Kvam-Jondal";11;"Kårstø";52,4815583333333;62,3984566666667;0;529,071;317,4426;8;0;172,511;0
4;"Kvam-Jondal";12;"Stavanger";65,53185;75,4487483333333;0;656,716;394,0296;16;0;221,631;0
4;"Kvam-Jondal";13;"Haukeligrend";37,008825;37,008825;0;402,124;241,2744;12;0;125,462;0
4;"Kvam-Jondal";14;"Åmot";46,9178916666667;46,9178916666667;0;491,719;295,0314;12;0;158,836;0
4;"Kvam-Jondal";15;"Brunkeberg";56,8172583333333;56,8172583333333;0;579,136;347,4816;12;0;191,468;0
4;"Kvam-Jondal";16;"Bø";67,363125;67,363125;0;672,016;403,2096;12;0;227,085;0
4;"Kvam-Jondal";17;"Nordagutu";73,401825;84,103325;0;714,975;428,985;8;0,75;244,062;0
4;"Kvam-Jondal";18;"Skien";83,4412416666667;93,4624916666667;0;789,375;473,625;12;0,5;274,492;0
4;"Kvam-Jondal";19;"Notodden";75,903925;75,903925;0;744,951;446,9706;8;0;256,428;0
4;"Kvam-Jondal";20;"Kongsberg";85,9626283333333;85,9626283333333;0;811,344;486,8064;8;0;283,9202;0
4;"Kvam-Jondal";21;"Eiker";93,4251833333333;93,4251833333333;0;866,751;520,0506;8;0;306,266;0
4;"Kvam-Jondal";22;"Drammen";97,755925;97,755925;0;890,511;534,3066;16;0;316,158;0
4;"Kvam-Jondal";23;"Nesbru";107,446758333333;112,446758333333;0;942,079;565,2474;16;0,5;338,168;0
4;"Kvam-Jondal";24;"Majorstua";113,076008333333;115,343508333333;0;976,684;586,0104;16;0;353,468;0
4;"Kvam-Jondal";25;"Oslo S";116,932175;119,199675;0;983,551;590,1306;16;0;356,988;0
4;"Kvam-Jondal";26;"Holmestrand";113,505925;123,505925;0;965,199;579,1194;16;1;348,058;0
4;"Kvam-Jondal";27;"Tønsberg";142,441241666667;141,778958333333;0;972,096;583,2576;16;0,5;351,672;0
4;"Kvam-Jondal";28;"Sandefjord";120,441241666667;131,512491666667;0;914,071;548,4426;12;0,5;326,362;0
4;"Kvam-Jondal";29;"Larvik";102,441241666667;113,512491666667;0;869,136;521,4816;12;0,5;307,222;0
4;"Kvam-Jondal";30;"Porsgrunn";89,9412416666667;101,012491666667;0;808,911;485,3466;12;0,5;282,382;0
4;"Kvam-Jondal";31;"Drangedal";96,363125;111,363125;0;777,1;466,26;8;1;269,382;0
4;"Kvam-Jondal";32;"Gjerstad";121,363125;136,363125;0;854,796;512,8776;8;1;301,472;0
4;"Kvam-Jondal";33;"Arendal";201,363125;216,363125;0;1042,311;625,3866;8;1;382,052;0
4;"Kvam-Jondal";34;"Kristiansand";216,363125;231,363125;0;1145,1;687,06;8;1;429,712;0
5;"Odda";1;"Bergen";31,2746;31,2746;0;290,604;174,3624;36;0;85,596;0
5;"Odda";2;"Arna";25,0392666666667;25,0392666666667;0;265,071;159,0426;36;0;76,246;0
5;"Odda";3;"Tysse";18,8899583333333;18,8899583333333;0;213,519;128,1114;18;0;58,67;0
5;"Odda";4;"Kvam-Jondal";10,2509;10,2509;0;134,976;80,9856;18;0;31,254;0
5;"Odda";6;"Røldal";11,8864166666667;11,8864166666667;0;146,704;88,0224;18;0;35,83;0
5;"Odda";7;"Sauda";21,9989666666667;21,9989666666667;0;245,1;147,06;8;0;69,073;0
5;"Odda";8;"Ølen";31,7369666666667;31,7369666666667;0;335,596;201,3576;8;0;101,263;0
5;"Odda";9;"Aksdal";41,3235083333333;41,3235083333333;0;424,044;254,4264;8;0;133,553;0
5;"Odda";10;"Haugesund";45,4564666666667;47,3823416666667;0;451,264;270,7584;8;0;143,233;0
5;"Odda";11;"Kårstø";43,4171583333333;53,3340566666667;0;445,836;267,5016;8;0;141,257;0
5;"Odda";12;"Stavanger";56,46745;66,3843483333333;0;576,519;345,9114;16;0;190,377;0
5;"Odda";13;"Haukeligrend";27,944425;27,944425;0;315,975;189,585;12;0;94,208;0
5;"Odda";14;"Åmot";37,8534916666667;37,8534916666667;0;407,616;244,5696;12;0;127,582;0
5;"Odda";15;"Brunkeberg";47,7528583333333;47,7528583333333;0;497,079;298,2474;12;0;160,214;0
5;"Odda";16;"Bø";58,298725;58,298725;0;589,584;353,7504;12;0;195,831;0
5;"Odda";17;"Nordagutu";64,337425;75,038925;0;633,631;380,1786;8;0,75;212,808;0
5;"Odda";18;"Skien";74,3768416666667;84,3980916666667;0;712,464;427,4784;12;0,5;243,238;0
5;"Odda";19;"Notodden";66,839525;66,839525;0;666,924;400,1544;8;0;225,174;0
5;"Odda";20;"Kongsberg";76,8982283333334;76,8982283333334;0;734,991;440,9946;8;0;252,6662;0
5;"Odda";21;"Eiker";84,3607833333333;84,3607833333333;0;791,824;475,0944;8;0;275,012;0
5;"Odda";22;"Drammen";88,691525;88,691525;0;813,775;488,265;16;0;284,904;0
5;"Odda";23;"Nesbru";98,3823583333333;103,382358333333;0;866,751;520,0506;16;0,5;306,914;0
5;"Odda";24;"Majorstua";104,011608333333;106,279108333333;0;904,671;542,8026;16;0;322,214;0
5;"Odda";25;"Oslo S";107,867775;110,135275;0;911,724;547,0344;16;0;325,734;0
5;"Odda";26;"Holmestrand";104,441525;114,441525;0;890,511;534,3066;16;1;316,804;0
5;"Odda";27;"Tønsberg";133,376841666667;132,714558333333;0;899,959;539,9754;16;0,5;320,418;0
5;"Odda";28;"Sandefjord";111,376841666667;122,448091666667;0;840,384;504,2304;12;0,5;295,108;0
5;"Odda";29;"Larvik";93,3768416666667;104,448091666667;0;791,824;475,0944;12;0,5;275,968;0
5;"Odda";30;"Porsgrunn";80,8768416666667;91,9480916666667;0;732,496;439,4976;12;0,5;251,128;0
5;"Odda";31;"Drangedal";87,298725;102,298725;0;699,879;419,9274;8;1;238,128;0
5;"Odda";32;"Gjerstad";112,298725;127,298725;0;779,559;467,7354;8;1;270,218;0
5;"Odda";33;"Arendal";192,298725;207,298725;0;969,799;581,8794;8;1;350,798;0
5;"Odda";34;"Kristiansand";207,298725;222,298725;0;1077,799;646,6794;8;1;398,458;0
6;"Røldal";1;"Bergen";41,1948916666667;41,1948916666667;0;391,116;234,6696;36;0;121,426;0
6;"Røldal";2;"Arna";34,9595583333333;34,9595583333333;0;366,231;219,7386;36;0;112,076;0
6;"Røldal";3;"Tysse";28,81025;28,81025;0;315,975;189,585;18;0;94,5;0
6;"Røldal";4;"Kvam-Jondal";20,1711916666667;20,1711916666667;0;239,376;143,6256;18;0;67,084;0
6;"Røldal";5;"Odda";11,1199166666667;11,1199166666667;0;146,704;88,0224;18;0;35,83;0
6;"Røldal";7;"Sauda";10,78105;10,78105;0;140,844;84,5064;8;0;33,243;0
6;"Røldal";8;"Ølen";20,51905;20,51905;0;233,644;140,1864;8;0;65,433;0
6;"Røldal";9;"Aksdal";30,1055916666667;30,1055916666667;0;324,396;194,6376;8;0;97,723;0
6;"Røldal";10;"Haugesund";34,23855;36,164425;0;352,336;211,4016;8;0;107,403;0
6;"Røldal";11;"Kårstø";32,1992416666667;42,11614;0;346,764;208,0584;8;0;105,427;0
6;"Røldal";12;"Stavanger";45,2495333333333;55,1664316666667;0;480,975;288,585;16;0;154,547;0
6;"Røldal";13;"Haukeligrend";17,1176333333333;17,1176333333333;0;213,519;128,1114;12;0;58,378;0
6;"Røldal";14;"Åmot";27,0267;27,0267;0;307,536;184,5216;12;0;91,752;0
6;"Røldal";15;"Brunkeberg";36,9260666666667;36,9260666666667;0;399,375;239,625;12;0;124,384;0
6;"Røldal";16;"Bø";47,4719333333333;47,4719333333333;0;497,079;298,2474;12;0;160,001;0
6;"Røldal";17;"Nordagutu";53,5106333333333;64,2121333333333;0;539,671;323,8026;8;0,75;176,978;0
6;"Røldal";18;"Skien";63,55005;73,5713;0;620,736;372,4416;12;0,5;207,408;0
6;"Røldal";19;"Notodden";56,0127333333333;56,0127333333333;0;573,9;344,34;8;0;189,344;0
6;"Røldal";20;"Kongsberg";66,0714366666667;66,0714366666667;0;643,911;386,3466;8;0;216,8362;0
6;"Røldal";21;"Eiker";73,5339916666667;73,5339916666667;0;702,4;421,44;8;0;239,182;0
6;"Røldal";22;"Drammen";77,8647333333333;77,8647333333333;0;727,5;436,5;16;0;249,074;0
6;"Røldal";23;"Nesbru";87,5555666666667;92,5555666666667;0;782,016;469,2096;16;0,5;271,084;0
6;"Røldal";24;"Majorstua";93,1848166666667;95,4523166666667;0;818,631;491,1786;16;0;286,384;0
6;"Røldal";25;"Oslo S";97,0409833333333;99,3084833333333;0;825,9;495,54;16;0;289,904;0
6;"Røldal";26;"Holmestrand";93,6147333333333;103,614733333333;0;804,039;482,4234;16;1;280,974;0
6;"Røldal";27;"Tønsberg";122,55005;121,887766666667;0;813,775;488,265;16;0,5;284,588;0
6;"Røldal";28;"Sandefjord";100,55005;111,6213;0;752,4;451,44;12;0,5;259,278;0
6;"Røldal";29;"Larvik";82,55005;93,6213;0;704,919;422,9514;12;0,5;240,138;0
6;"Røldal";30;"Porsgrunn";70,05005;81,1213;0;641,344;384,8064;12;0,5;215,298;0
6;"Røldal";31;"Drangedal";76,4719333333333;91,4719333333333;0;607,791;364,6746;8;1;202,298;0
6;"Røldal";32;"Gjerstad";101,471933333333;116,471933333333;0;689,775;413,865;8;1;234,388;0
6;"Røldal";33;"Arendal";181,471933333333;196,471933333333;0;885,775;531,465;8;1;314,968;0
6;"Røldal";34;"Kristiansand";196,471933333333;211,471933333333;0;997,231;598,3386;8;1;362,628;0
7;"Sauda";1;"Bergen";51,8597766666667;51,8597766666667;0;480,975;288,585;16;0;154,6816;0
7;"Sauda";2;"Arna";45,6244433333333;45,6244433333333;0;456,684;274,0104;16;0;145,3316;0
7;"Sauda";3;"Tysse";39,475135;39,475135;0;407,616;244,5696;8;0;127,7556;0
7;"Sauda";4;"Kvam-Jondal";30,8360766666667;30,8360766666667;0;332,799;199,6794;8;0;100,3396;0
7;"Sauda";5;"Odda";21,7848016666667;21,7848016666667;0;245,1;147,06;8;0;69,0856;0
7;"Sauda";6;"Røldal";11,41301;11,41301;0;140,844;84,5064;8;0;33,2556;0
7;"Sauda";8;"Ølen";10,71275;10,71275;0;137,911;82,7466;18;0;32,1899999999999;0
7;"Sauda";9;"Aksdal";20,2992916666667;20,2992916666667;0;230,775;138,465;20;0;64,48;0
7;"Sauda";10;"Haugesund";24,43225;26,358125;0;259,375;155,625;20;0;74,16;0
7;"Sauda";11;"Kårstø";22,3929416666667;32,30984;0;253,671;152,2026;18;0;72,184;0
7;"Sauda";12;"Stavanger";35,4432333333333;45,3601316666667;0;391,116;234,6696;36;0;121,304;0
7;"Sauda";13;"Haukeligrend";22,5086266666667;22,5086266666667;0;270,759;162,4554;8;0;78,3376;0
7;"Sauda";14;"Åmot";32,4176933333333;34,5526933333333;0;363,456;218,0736;8;0;111,7616;0
7;"Sauda";15;"Brunkeberg";42,31706;46,54681;0;453,975;272,385;8;0;144,3936;0
7;"Sauda";16;"Bø";52,8629266666667;49,7234266666667;0;550,239;330,1434;12;0;180,0106;0
7;"Sauda";17;"Nordagutu";58,9016266666667;64,9844391666667;0;592,191;355,3146;8;0,75;196,9876;0
7;"Sauda";18;"Skien";68,9410433333333;75,8831683333333;0;672,016;403,2096;12;0,5;227,4176;"ic. Bø 10min"
7;"Sauda";19;"Notodden";61,4037266666667;59,5154766666667;0;625,9;375,54;8;0;209,3536;0
7;"Sauda";20;"Kongsberg";71,46243;69,57418;0;694,831;416,8986;8;0;236,8458;0
7;"Sauda";21;"Eiker";78,924985;77,036735;0;752,4;451,44;8;0;259,1916;0
7;"Sauda";22;"Drammen";83,2557266666667;81,3674766666667;0;777,1;466,26;16;0;269,0836;0
7;"Sauda";23;"Nesbru";92,94656;96,05831;0;830,736;498,4416;16;0,5;291,0936;0
7;"Sauda";24;"Majorstua";98,57581;98,95506;0;866,751;520,0506;16;0;306,3936;0
7;"Sauda";25;"Oslo S";102,431976666667;102,811226666667;0;873,9;524,34;16;0;309,9136;0
7;"Sauda";26;"Holmestrand";99,0057266666667;107,117476666667;0;852,399;511,4394;16;1;300,9836;0
7;"Sauda";27;"Tønsberg";127,941043333333;125,39051;0;861,975;517,185;16;0,5;304,5976;"ic. Dr 10min"
7;"Sauda";28;"Sandefjord";105,941043333333;113,933168333333;0;801,6;480,96;12;0,5;279,2876;"ic. Bø 10min"
7;"Sauda";29;"Larvik";87,9410433333333;95,9331683333333;0;754,879;452,9274;12;0,5;260,1476;"ic. Bø 10min"
7;"Sauda";30;"Porsgrunn";75,4410433333333;83,4331683333333;0;692,304;415,3824;12;0,5;235,3076;"ic. Bø 10min"
7;"Sauda";31;"Drangedal";81,8629266666667;93,7234266666667;0;659,271;395,5626;8;1;222,3076;0
7;"Sauda";32;"Gjerstad";106,862926666667;118,723426666667;0;739,975;443,985;8;1;254,3976;0
7;"Sauda";33;"Arendal";186,862926666667;198,723426666667;0;932,775;559,665;8;1;334,9776;0
7;"Sauda";34;"Kristiansand";201,862926666667;213,723426666667;0;1042,311;625,3866;8;1;382,6376;0
8;"Ølen";1;"Bergen";61,5435266666667;61,5435266666667;0;566,031;339,6186;16;0;186,8716;0
8;"Ølen";2;"Arna";55,3081933333333;55,3081933333333;0;542,316;325,3896;16;0;177,5216;0
8;"Ølen";3;"Tysse";49,158885;49,158885;0;494,4;296,64;8;0;159,9456;0
8;"Ølen";4;"Kvam-Jondal";40,5198266666667;40,5198266666667;0;421,311;252,7866;8;0;132,5296;0
8;"Ølen";5;"Odda";31,4685516666667;31,4685516666667;0;335,596;201,3576;8;0;101,2756;0
8;"Ølen";6;"Røldal";21,09676;21,09676;0;233,644;140,1864;8;0;65,4456;0
8;"Ølen";7;"Sauda";10,7425;10,7425;0;137,911;82,7466;18;0;32,19;0
8;"Ølen";9;"Aksdal";10,5411666666666;10,5411666666666;0;137,911;82,7466;20;0;32,29;0
8;"Ølen";10;"Haugesund";14,674125;16,6;0;164,236;98,5416;20;0;41,97;0
8;"Ølen";11;"Kårstø";12,6348166666667;22,551715;0;158,4;95,04;18;0;39,994;0
8;"Ølen";12;"Stavanger";25,6851083333333;35,6020066666667;0;301,9;181,14;36;0;89,114;0
8;"Ølen";13;"Haukeligrend";32,1897516666667;32,1897516666667;0;360,679;216,4074;8;0;110,5276;0
8;"Ølen";14;"Åmot";42,0988183333333;44,2338183333333;0;451,264;270,7584;8;0;143,9516;0
8;"Ølen";15;"Brunkeberg";51,998185;56,227935;0;539,671;323,8026;8;0;176,5836;0
8;"Ølen";16;"Bø";62,5440516666667;59,4045516666667;0;633,631;380,1786;12;0;212,2006;0
8;"Ølen";17;"Nordagutu";68,5827516666667;74,6655641666667;0;677,1;406,26;8;0,75;229,1776;0
8;"Ølen";18;"Skien";78,6221683333333;85,5642933333333;0;752,4;451,44;12;0,5;259,6076;0
8;"Ølen";19;"Notodden";71,0848516666667;69,1966016666667;0;707,436;424,4616;8;0;241,5436;0
8;"Ølen";20;"Kongsberg";81,143555;79,255305;0;777,1;466,26;8;0;269,0358;0
8;"Ølen";21;"Eiker";88,60611;86,71786;0;830,736;498,4416;8;0;291,3816;0
8;"Ølen";22;"Drammen";92,9368516666667;91,0486016666667;0;854,796;512,8776;16;0;301,2736;0
8;"Ølen";23;"Nesbru";102,627685;105,739435;0;907,024;544,2144;16;0,5;323,2836;0
8;"Ølen";24;"Majorstua";108,256935;108,636185;0;942,079;565,2474;16;0;338,5836;0
8;"Ølen";25;"Oslo S";112,113101666667;112,492351666667;0;951,351;570,8106;16;0;342,1036;0
8;"Ølen";26;"Holmestrand";108,686851666667;116,798601666667;0;930,444;558,2664;16;1;333,1736;0
8;"Ølen";27;"Tønsberg";137,622168333333;135,071635;0;937,431;562,4586;16;0,5;336,7876;"ic. Dr 10min"
8;"Ølen";28;"Sandefjord";115,622168333333;123,614293333333;0;878,656;527,1936;12;0,5;311,4776;"ic. Bø 10min"
8;"Ølen";29;"Larvik";97,6221683333333;105,614293333333;0;833,151;499,8906;12;0,5;292,3376;"ic. Bø 10min"
8;"Ølen";30;"Porsgrunn";85,1221683333333;93,1142933333333;0;772,176;463,3056;12;0,5;267,4976;"ic. Bø 10min"
8;"Ølen";31;"Drangedal";91,5440516666667;103,404551666667;0;739,975;443,985;8;1;254,4976;0
8;"Ølen";32;"Gjerstad";116,544051666667;128,404551666667;0;818,631;491,1786;8;1;286,5876;0
8;"Ølen";33;"Arendal";196,544051666667;208,404551666667;0;1008,576;605,1456;8;1;367,1676;0
8;"Ølen";34;"Kristiansand";211,544051666667;223,404551666667;0;1112,775;667,665;8;1;414,8276;0
9;"Aksdal";1;"Bergen";71,1011933333333;71,1011933333333;0;651,6;390,96;16;0;219,1616;0
9;"Aksdal";2;"Arna";64,86586;64,86586;0;625,9;375,54;16;0;209,8116;0
9;"Aksdal";3;"Tysse";58,7165516666667;58,7165516666667;0;581,751;349,0506;8;0;192,2356;0
9;"Aksdal";4;"Kvam-Jondal";50,0774933333333;50,0774933333333;0;507,775;304,665;8;0;164,8196;0
9;"Aksdal";5;"Odda";41,0262183333333;41,0262183333333;0;424,044;254,4264;8;0;133,5656;0
9;"Aksdal";6;"Røldal";30,6544266666667;30,6544266666667;0;324,396;194,6376;8;0;97,7356;0
9;"Aksdal";7;"Sauda";20,3001666666667;20,3001666666667;0;230,775;138,465;20;0;64,48;0
9;"Aksdal";8;"Ølen";10,5114166666667;10,5114166666667;0;137,911;82,7466;20;0;32,29;0
9;"Aksdal";10;"Haugesund";5,00883333333334;5,00883333333334;0;69,9;41,94;60;0;9,68000000000001;0
9;"Aksdal";11;"Kårstø";6,41628;6,41628;0;84,775;50,865;10;0;14,8518;0
9;"Aksdal";12;"Stavanger";19,4744466666667;19,4744466666667;0;227,904;136,7424;20;0;63,9718;0
9;"Aksdal";13;"Haukeligrend";41,7474183333333;41,7474183333333;0;448,551;269,1306;8;0;142,8176;0
9;"Aksdal";14;"Åmot";51,656485;53,791485;0;539,671;323,8026;8;0;176,2416;0
9;"Aksdal";15;"Brunkeberg";61,5558516666667;65,7856016666667;0;623,319;373,9914;8;0;208,8736;0
9;"Aksdal";16;"Bø";72,1017183333333;65,8227183333333;0;714,975;428,985;16;0;244,4906;0
9;"Aksdal";17;"Nordagutu";78,1404183333333;85,0825433333334;0;757,356;454,4136;8;0,5;261,4676;0
9;"Aksdal";18;"Skien";88,179835;95,12196;0;830,736;498,4416;16;0,5;291,8976;0
9;"Aksdal";19;"Notodden";80,6425183333333;76,8660183333333;0;786,924;472,1544;8;0;273,8336;0
9;"Aksdal";20;"Kongsberg";90,7012216666667;86,9247216666667;0;854,796;512,8776;8;0;301,3258;0
9;"Aksdal";21;"Eiker";98,1637766666667;94,3872766666667;0;907,024;544,2144;8;0;323,6716;0
9;"Aksdal";22;"Drammen";102,494518333333;98,7180183333334;0;930,444;558,2664;16;0;333,5636;0
9;"Aksdal";23;"Nesbru";112,185351666667;113,408851666667;0;981,264;588,7584;16;0,5;355,5736;0
9;"Aksdal";24;"Majorstua";117,814601666667;116,305601666667;0;1015,359;609,2154;16;0;370,8736;0
9;"Aksdal";25;"Oslo S";121,670768333333;120,161768333333;0;1024,375;614,625;16;0;374,3936;0
9;"Aksdal";26;"Holmestrand";118,244518333333;124,468018333333;0;1004,044;602,4264;16;1;365,4636;0
9;"Aksdal";27;"Tønsberg";147,179835;144,629301666667;0;1013,1;607,86;16;0,5;369,0776;"ic. Dr 10min"
9;"Aksdal";28;"Sandefjord";125,179835;133,17196;0;953,664;572,1984;16;0,5;343,7676;0
9;"Aksdal";29;"Larvik";107,179835;115,17196;0;909,375;545,625;16;0,5;324,6276;0
9;"Aksdal";30;"Porsgrunn";94,679835;102,67196;0;850;510;16;0,5;299,7876;0
9;"Aksdal";31;"Drangedal";101,101718333333;109,822718333333;0;818,631;491,1786;16;1;286,7876;0
9;"Aksdal";32;"Gjerstad";126,101718333333;134,822718333333;0;895,239;537,1434;16;1;318,8776;0
9;"Aksdal";33;"Arendal";206,101718333333;214,822718333333;0;1080;648;16;1;399,4576;0
9;"Aksdal";34;"Kristiansand";221,101718333333;229,822718333333;0;1183,296;709,9776;16;1;447,1176;0
10;"Haugesund";1;"Bergen";75,2814016666667;77,1722766666667;0;674,559;404,7354;16;0;228,8416;0
10;"Haugesund";2;"Arna";69,0460683333333;70,9369433333333;0;651,6;390,96;16;0;219,4916;0
10;"Haugesund";3;"Tysse";62,89676;64,787635;0;605,196;363,1176;8;0;201,9156;0
10;"Haugesund";4;"Kvam-Jondal";54,2577016666667;56,1485766666667;0;534,375;320,625;8;0;174,4996;0
10;"Haugesund";5;"Odda";45,2064266666667;47,0973016666667;0;451,264;270,7584;8;0;143,2456;0
10;"Haugesund";6;"Røldal";34,834635;36,72551;0;352,336;211,4016;8;0;107,4156;0
10;"Haugesund";7;"Sauda";24,480375;26,37125;0;259,375;155,625;20;0;74,16;0
10;"Haugesund";8;"Ølen";14,691625;16,5825;0;164,236;98,5416;20;0;41,97;0
10;"Haugesund";9;"Aksdal";5,02108333333333;5,02108333333333;0;69,9;41,94;60;0;9,68;0
10;"Haugesund";11;"Kårstø";10,8607383333333;10,8607383333333;0;114,375;68,625;20;0;24,5318;0
10;"Haugesund";12;"Stavanger";23,918905;23,918905;0;256,524;153,9144;40;0;73,6518;0
10;"Haugesund";13;"Haukeligrend";45,9276266666667;47,8185016666667;0;475,591;285,3546;8;0;152,4976;0
10;"Haugesund";14;"Åmot";55,8366933333333;59,8625683333333;0;563,404;338,0424;8;0;185,9216;0
10;"Haugesund";15;"Brunkeberg";65,73606;71,856685;0;649,039;389,4234;8;0;218,5536;0
10;"Haugesund";16;"Bø";76,2819266666667;71,8938016666667;0;739,975;443,985;16;0;254,1706;0
10;"Haugesund";17;"Nordagutu";82,3206266666667;91,1536266666667;0;782,016;469,2096;8;0,5;271,1476;0
10;"Haugesund";18;"Skien";92,3600433333333;101,193043333333;0;854,796;512,8776;16;0,5;301,5776;0
10;"Haugesund";19;"Notodden";84,8227266666667;82,9371016666667;0;811,344;486,8064;8;0;283,5136;0
10;"Haugesund";20;"Kongsberg";94,88143;92,995805;0;878,656;527,1936;8;0;311,0058;0
10;"Haugesund";21;"Eiker";102,343985;100,45836;0;930,444;558,2664;8;0;333,3516;0
10;"Haugesund";22;"Drammen";106,674726666667;104,789101666667;0;953,664;572,1984;16;0;343,2436;0
10;"Haugesund";23;"Nesbru";116,36556;119,479935;0;1004,044;602,4264;16;0,5;365,2536;0
10;"Haugesund";24;"Majorstua";121,99481;122,376685;0;1037,839;622,7034;16;0;380,5536;0
10;"Haugesund";25;"Oslo S";125,850976666667;126,232851666667;0;1046,775;628,065;16;0;384,0736;0
10;"Haugesund";26;"Holmestrand";122,424726666667;130,539101666667;0;1026,624;615,9744;16;1;375,1436;0
10;"Haugesund";27;"Tønsberg";151,360043333333;150,700385;0;1033,359;620,0154;16;0,5;378,7576;"ic. Dr 10min"
10;"Haugesund";28;"Sandefjord";129,360043333333;139,243043333333;0;976,684;586,0104;16;0,5;353,4476;0
10;"Haugesund";29;"Larvik";111,360043333333;121,243043333333;0;932,775;559,665;16;0,5;334,3076;0
10;"Haugesund";30;"Porsgrunn";98,8600433333333;108,743043333333;0;873,9;524,34;16;0,5;309,4676;0
10;"Haugesund";31;"Drangedal";105,281926666667;115,893801666667;0;842,791;505,6746;16;1;296,4676;0
10;"Haugesund";32;"Gjerstad";130,281926666667;140,893801666667;0;918,759;551,2554;16;1;328,5576;0
10;"Haugesund";33;"Arendal";210,281926666667;220,893801666667;0;1101,9;661,14;16;1;409,1376;0
10;"Haugesund";34;"Kristiansand";225,281926666667;235,893801666667;0;1202,151;721,2906;16;1;456,7976;0
11;"Kårstø";1;"Bergen";73,1982833333334;83,1805491666667;0;669,471;401,6826;16;0;226,862;0
11;"Kårstø";2;"Arna";66,96295;76,9452158333333;0;646,476;387,8856;16;0;217,512;0
11;"Kårstø";3;"Tysse";60,8136416666667;70,7959075;0;600;360;8;0;199,936;0
11;"Kårstø";4;"Kvam-Jondal";52,1745833333333;62,1568491666667;0;529,071;317,4426;8;0;172,52;0
11;"Kårstø";5;"Odda";43,1233083333333;53,1055741666667;0;445,836;267,5016;8;0;141,266;0
11;"Kårstø";6;"Røldal";32,7515166666667;42,7337825;0;346,764;208,0584;8;0;105,436;0
11;"Kårstø";7;"Sauda";22,3972566666667;32,3795225;0;253,671;152,2026;18;0;72,1804;0
11;"Kårstø";8;"Ølen";12,6085066666667;22,5907725;0;158,4;95,04;18;0;39,9904;0
11;"Kårstø";9;"Aksdal";6,52508;6,52508;0;84,775;50,865;10;0;14,8698;0
11;"Kårstø";10;"Haugesund";10,9879133333333;10,9879133333333;0;114,375;68,625;20;0;24,5498;0
11;"Kårstø";12;"Stavanger";13,8596666666667;13,8596666666667;0;187,5;112,5;36;0;49,12;0
11;"Kårstø";13;"Haukeligrend";43,8445083333333;53,8267741666667;0;470,199;282,1194;8;0;150,518;0
11;"Kårstø";14;"Åmot";53,753575;64,8033408333333;0;558,144;334,8864;8;0;183,942;0
11;"Kårstø";15;"Brunkeberg";63,6529416666667;75,7500825;0;643,911;386,3466;8;0;216,574;0
11;"Kårstø";16;"Bø";74,1988083333333;81,0415741666667;0;734,991;440,9946;12;0;252,191;0
11;"Kårstø";17;"Nordagutu";80,2375083333334;91,31145375;0;777,1;466,26;8;0,75;269,168;0
11;"Kårstø";18;"Skien";90,276925;110,280440833333;0;850;510;12;0,5;299,598;0
11;"Kårstø";19;"Notodden";82,7396083333333;90,8336241666667;0;806,476;483,8856;8;0;281,534;0
11;"Kårstø";20;"Kongsberg";92,7983116666667;100,8923275;0;873,9;524,34;8;0;309,0262;0
11;"Kårstø";21;"Eiker";100,260866666667;108,3548825;0;925,776;555,4656;8;0;331,372;0
11;"Kårstø";22;"Drammen";104,591608333333;112,685624166667;0;949,036;569,4216;16;0;341,264;0
11;"Kårstø";23;"Nesbru";114,282441666667;127,3764575;0;999,504;599,7024;16;0,5;363,274;0
11;"Kårstø";24;"Majorstua";119,911691666667;130,2732075;0;1033,359;620,0154;16;0;378,574;0
11;"Kårstø";25;"Oslo S";123,767858333333;134,129374166667;0;1042,311;625,3866;16;0;382,094;0
11;"Kårstø";26;"Holmestrand";120,341608333333;138,435624166667;0;1022,124;613,2744;16;1;373,164;0
11;"Kårstø";27;"Tønsberg";149,276925;156,7086575;0;1028,871;617,3226;16;0,5;376,778;0
11;"Kårstø";28;"Sandefjord";127,276925;148,330440833333;0;972,096;583,2576;12;0,5;351,468;0
11;"Kårstø";29;"Larvik";109,276925;130,330440833333;0;928,111;556,8666;12;0,5;332,328;0
11;"Kårstø";30;"Porsgrunn";96,776925;117,830440833333;0;869,136;521,4816;12;0,5;307,488;0
11;"Kårstø";31;"Drangedal";103,198808333333;125,041574166667;0;837,975;502,785;8;1;294,488;0
11;"Kårstø";32;"Gjerstad";128,198808333333;150,041574166667;0;914,071;548,4426;8;1;326,578;0
11;"Kårstø";33;"Arendal";208,198808333333;230,041574166667;0;1097,536;658,5216;8;1;407,158;0
11;"Kårstø";34;"Kristiansand";223,198808333333;245,041574166667;0;1197,975;718,785;8;1;454,818;0
12;"Stavanger";1;"Bergen";86,51545;96,4977158333333;0;791,824;475,0944;32;0;275,982;0
12;"Stavanger";2;"Arna";80,2801166666667;90,2623825;0;769,711;461,8266;32;0;266,632;0
12;"Stavanger";3;"Tysse";74,1308083333334;84,1130741666667;0;727,5;436,5;16;0;249,056;0
12;"Stavanger";4;"Kvam-Jondal";65,49175;75,4740158333333;0;656,716;394,0296;16;0;221,64;0
12;"Stavanger";5;"Odda";56,440475;66,4227408333333;0;576,519;345,9114;16;0;190,386;0
12;"Stavanger";6;"Røldal";46,0686833333333;56,0509491666667;0;480,975;288,585;16;0;154,556;0
12;"Stavanger";7;"Sauda";35,7144233333333;45,6966891666667;0;391,116;234,6696;36;0;121,3004;0
12;"Stavanger";8;"Ølen";25,9256733333333;35,9079391666667;0;301,9;181,14;36;0;89,1104;0
12;"Stavanger";9;"Aksdal";19,8448716666667;19,8448716666667;0;227,904;136,7424;20;0;63,9898;0
12;"Stavanger";10;"Haugesund";24,307705;24,307705;0;256,524;153,9144;40;0;73,6698;0
12;"Stavanger";11;"Kårstø";14,0364166666667;14,0364166666667;0;187,5;112,5;36;0;49,12;0
12;"Stavanger";13;"Haukeligrend";57,161675;67,1439408333333;0;600;360;16;0;199,638;0
12;"Stavanger";14;"Åmot";67,0707416666667;78,1205075;0;687,244;412,3464;16;0;233,062;0
12;"Stavanger";15;"Brunkeberg";76,9701083333333;89,0672491666667;0;767,244;460,3464;16;0;265,694;0
12;"Stavanger";16;"Bø";87,515975;94,3587408333333;0;854,796;512,8776;24;0;301,311;0
12;"Stavanger";17;"Nordagutu";93,554675;113,558190833333;0;895,239;537,1434;8;0,5;318,288;0
12;"Stavanger";18;"Skien";103,594091666667;123,5976075;0;965,199;579,1194;16;0,5;348,718;0
12;"Stavanger";19;"Notodden";96,056775;104,150790833333;0;923,439;554,0634;16;0;330,654;0
12;"Stavanger";20;"Kongsberg";106,115478333333;114,209494166667;0;988,119;592,8714;16;0;358,1462;0
12;"Stavanger";21;"Eiker";113,578033333333;121,672049166667;0;1037,839;622,7034;16;0;380,492;0
12;"Stavanger";22;"Drammen";117,908775;126,002790833333;0;1060,119;636,0714;32;0;390,384;0
12;"Stavanger";23;"Nesbru";127,599608333333;140,693624166667;0;1108,431;665,0586;32;0,5;412,394;0
12;"Stavanger";24;"Majorstua";133,228858333333;143,590374166667;0;1140,816;684,4896;32;0;427,694;0
12;"Stavanger";25;"Oslo S";137,085025;147,446540833333;0;1149,376;689,6256;32;0;431,214;0
12;"Stavanger";26;"Holmestrand";133,658775;151,752790833333;0;1130,071;678,0426;32;1;422,284;0
12;"Stavanger";27;"Tønsberg";162,594091666667;170,025824166667;0;1136,524;681,9144;16;0,5;425,898;"Dr"
12;"Stavanger";28;"Sandefjord";140,594091666667;161,6476075;0;1082,199;649,3194;16;0,5;400,588;"Bø"
12;"Stavanger";29;"Larvik";122,594091666667;143,6476075;0;1040,076;624,0456;16;0,5;381,448;0
12;"Stavanger";30;"Porsgrunn";110,094091666667;131,1476075;0;983,551;590,1306;16;0,5;356,608;0
12;"Stavanger";31;"Drangedal";116,515975;138,358740833333;0;953,664;572,1984;16;1;343,608;0
12;"Stavanger";32;"Gjerstad";141,515975;163,358740833333;0;1026,624;615,9744;16;1;375,698;0
12;"Stavanger";33;"Arendal";221,515975;243,358740833333;0;1202,151;721,2906;16;1;456,278;0
12;"Stavanger";34;"Kristiansand";236,515975;258,358740833333;0;1297,984;778,7904;16;1;503,938;0
13;"Haukeligrend";1;"Bergen";56,779525;56,779525;0;547,6;328,56;24;0;179,754;0
13;"Haukeligrend";2;"Arna";50,5441916666667;50,5441916666667;0;523,759;314,2554;24;0;170,404;0
13;"Haukeligrend";3;"Tysse";44,3948833333333;44,3948833333333;0;475,591;285,3546;12;0;152,828;0
13;"Haukeligrend";4;"Kvam-Jondal";35,755825;35,755825;0;402,124;241,2744;12;0;125,412;0
13;"Haukeligrend";5;"Odda";26,70455;26,70455;0;315,975;189,585;12;0;94,158;0
13;"Haukeligrend";6;"Røldal";16,6626333333334;16,6626333333334;0;213,519;128,1114;12;0;58,328;0
13;"Haukeligrend";7;"Sauda";21,6091666666667;21,6091666666667;0;270,759;162,4554;8;0;78,34;0
13;"Haukeligrend";8;"Ølen";31,3471666666667;31,3471666666667;0;360,679;216,4074;8;0;110,53;0
13;"Haukeligrend";9;"Aksdal";40,9337083333333;40,9337083333333;0;448,551;269,1306;8;0;142,82;0
13;"Haukeligrend";10;"Haugesund";45,0666666666667;46,9925416666667;0;475,591;285,3546;8;0;152,5;0
13;"Haukeligrend";11;"Kårstø";43,0273583333334;52,9442566666667;0;470,199;282,1194;8;0;150,524;0
13;"Haukeligrend";12;"Stavanger";56,07765;65,9945483333334;0;600;360;16;0;199,644;0
13;"Haukeligrend";14;"Åmot";10,9940666666667;10,9940666666667;0;140,844;84,5064;28;0;33,374;0
13;"Haukeligrend";15;"Brunkeberg";20,8934333333333;20,8934333333333;0;236,511;141,9066;28;0;66,006;0
13;"Haukeligrend";16;"Bø";31,4393;31,4393;0;335,596;201,3576;28;0;101,623;0
13;"Haukeligrend";17;"Nordagutu";37,478;44,00375;0;382,839;229,7034;8;0;118,65;0
13;"Haukeligrend";18;"Skien";47,5174166666667;54,0431666666667;0;467,5;280,5;16;0;149,08;0
13;"Haukeligrend";19;"Notodden";39,9801;39,9801;0;415,839;249,5034;12;0;130,966;0
13;"Haukeligrend";20;"Kongsberg";50,0388033333334;50,0388033333334;0;491,719;295,0314;12;0;158,4582;0
13;"Haukeligrend";21;"Eiker";57,5013583333334;57,5013583333334;0;550,239;330,1434;12;0;180,804;0
13;"Haukeligrend";22;"Drammen";61,8321;61,8321;0;576,519;345,9114;24;0;190,696;0
13;"Haukeligrend";23;"Nesbru";71,5229333333333;76,5229333333333;0;633,631;380,1786;24;0,5;212,706;0
13;"Haukeligrend";24;"Majorstua";77,1521833333333;79,4196833333333;0;674,559;404,7354;24;0;228,006;0
13;"Haukeligrend";25;"Oslo S";81,00835;83,27585;0;682,176;409,3056;24;0;231,526;0
13;"Haukeligrend";26;"Holmestrand";77,5821;87,5821;0;659,271;395,5626;24;1;222,596;0
13;"Haukeligrend";27;"Tønsberg";106,517416666667;107,567416666667;0;669,471;401,6826;16;0;226,26;0
13;"Haukeligrend";28;"Sandefjord";84,5174166666667;85,5674166666667;0;602,599;361,5594;16;0;200,95;0
13;"Haukeligrend";29;"Larvik";66,5174166666667;67,5674166666667;0;552,876;331,7256;16;0;181,81;0
13;"Haukeligrend";30;"Porsgrunn";54,0174166666667;55,0674166666667;0;486,351;291,8106;16;0;156,97;0
13;"Haukeligrend";31;"Drangedal";60,4393;77,5113;0;451,264;270,7584;16;1;143,92;0
13;"Haukeligrend";32;"Gjerstad";85,4393;102,5113;0;539,671;323,8026;16;1;176,01;0
13;"Haukeligrend";33;"Arendal";165,4393;182,5113;0;744,951;446,9706;16;1;256,59;0
13;"Haukeligrend";34;"Kristiansand";180,4393;197,5113;0;861,975;517,185;16;1;304,25;0
14;"Åmot";1;"Bergen";66,4322166666667;66,4322166666667;0;636,204;381,7224;24;0;213,178;0
14;"Åmot";2;"Arna";60,1968833333333;60,1968833333333;0;610,384;366,2304;24;0;203,828;0
14;"Åmot";3;"Tysse";54,047575;54,047575;0;566,031;339,6186;12;0;186,252;0
14;"Åmot";4;"Kvam-Jondal";45,4085166666667;45,4085166666667;0;491,719;295,0314;12;0;158,836;0
14;"Åmot";5;"Odda";36,3572416666667;36,3572416666667;0;407,616;244,5696;12;0;127,582;0
14;"Åmot";6;"Røldal";26,315325;26,315325;0;307,536;184,5216;12;0;91,752;0
14;"Åmot";7;"Sauda";31,2618583333333;33,5254833333333;0;363,456;218,0736;8;0;111,764;0
14;"Åmot";8;"Ølen";40,9998583333333;43,2634833333334;0;451,264;270,7584;8;0;143,954;0
14;"Åmot";9;"Aksdal";50,5864;52,850025;0;539,671;323,8026;8;0;176,244;0
14;"Åmot";10;"Haugesund";54,7193583333333;58,9088583333333;0;563,404;338,0424;8;0;185,924;0
14;"Åmot";11;"Kårstø";52,68005;63,7287608333333;0;558,144;334,8864;8;0;183,948;0
14;"Åmot";12;"Stavanger";65,7303416666667;76,7790525;0;687,244;412,3464;16;0;233,068;0
14;"Åmot";13;"Haukeligrend";10,8663166666667;10,8663166666667;0;140,844;84,5064;28;0;33,424;0
14;"Åmot";15;"Brunkeberg";10,9441166666667;10,9441166666667;0;137,911;82,7466;28;0;32,632;0
14;"Åmot";16;"Bø";21,4899833333333;21,4899833333333;0;242,239;145,3434;28;0;68,249;0
14;"Åmot";17;"Nordagutu";27,5286833333333;31,9596833333333;0;290,604;174,3624;8;0;85,2259999999999;0
14;"Åmot";18;"Skien";37,5681;41,9991;0;374,544;224,7264;16;0;115,656;0
14;"Åmot";19;"Notodden";30,0307833333333;30,0307833333333;0;324,396;194,6376;12;0;97,592;0
14;"Åmot";20;"Kongsberg";40,0894866666667;40,0894866666667;0;402,124;241,2744;12;0;125,0842;0
14;"Åmot";21;"Eiker";47,5520416666667;47,5520416666667;0;462,096;277,2576;12;0;147,43;0
14;"Åmot";22;"Drammen";51,8827833333333;51,8827833333333;0;489,036;293,4216;24;0;157,322;0
14;"Åmot";23;"Nesbru";61,5736166666667;66,5736166666667;0;547,6;328,56;24;0,5;179,332;0
14;"Åmot";24;"Majorstua";67,2028666666667;69,4703666666667;0;586,975;352,185;24;0;194,632;0
14;"Åmot";25;"Oslo S";71,0590333333333;73,3265333333333;0;597,399;358,4394;24;0;198,152;0
14;"Åmot";26;"Holmestrand";67,6327833333333;77,6327833333333;0;573,9;344,34;24;1;189,222;0
14;"Åmot";27;"Tønsberg";96,5681;97,6181;0;581,751;349,0506;16;0;192,836;0
14;"Åmot";28;"Sandefjord";74,5681;75,6181;0;515,776;309,4656;16;0;167,526;0
14;"Åmot";29;"Larvik";56,5681;57,6181;0;464,799;278,8794;16;0;148,386;0
14;"Åmot";30;"Porsgrunn";44,0681;45,1181;0;396,624;237,9744;16;0;123,546;0
14;"Åmot";31;"Drangedal";50,4899833333333;66,5146083333333;0;360,679;216,4074;16;1;110,546;0
14;"Åmot";32;"Gjerstad";75,4899833333333;91,5146083333333;0;448,551;269,1306;16;1;142,636;0
14;"Åmot";33;"Arendal";155,489983333333;171,514608333333;0;661,824;397,0944;16;1;223,216;0
14;"Åmot";34;"Kristiansand";170,489983333333;186,514608333333;0;779,559;467,7354;16;1;270,876;0
15;"Brunkeberg";1;"Bergen";76,6973333333334;76,6973333333334;0;717,484;430,4904;24;0;245,81;0
15;"Brunkeberg";2;"Arna";70,462;70,462;0;694,831;416,8986;24;0;236,46;0
15;"Brunkeberg";3;"Tysse";64,3126916666667;64,3126916666667;0;649,039;389,4234;12;0;218,884;0
15;"Brunkeberg";4;"Kvam-Jondal";55,6736333333334;55,6736333333334;0;579,136;347,4816;12;0;191,468;0
15;"Brunkeberg";5;"Odda";46,6223583333333;46,6223583333333;0;497,079;298,2474;12;0;160,214;0
15;"Brunkeberg";6;"Røldal";36,5804416666667;36,5804416666667;0;399,375;239,625;12;0;124,384;0
15;"Brunkeberg";7;"Sauda";41,526975;45,81185;0;453,975;272,385;8;0;144,396;0
15;"Brunkeberg";8;"Ølen";51,264975;55,54985;0;539,671;323,8026;8;0;176,586;0
15;"Brunkeberg";9;"Aksdal";60,8515166666667;65,1363916666667;0;623,319;373,9914;8;0;208,876;0
15;"Brunkeberg";10;"Haugesund";64,984475;71,195225;0;649,039;389,4234;8;0;218,556;0
15;"Brunkeberg";11;"Kårstø";62,9451666666667;75,0045025;0;643,911;386,3466;8;0;216,58;0
15;"Brunkeberg";12;"Stavanger";75,9954583333334;88,0547941666667;0;767,244;460,3464;16;0;265,7;0
15;"Brunkeberg";13;"Haukeligrend";21,1314333333333;21,1314333333333;0;236,511;141,9066;28;0;66,056;0
15;"Brunkeberg";14;"Åmot";11,2363666666667;11,2363666666667;0;137,911;82,7466;28;0;32,632;0
15;"Brunkeberg";16;"Bø";11,5451166666667;11,5451166666667;0;146,704;88,0224;28;0;35,617;0
15;"Brunkeberg";17;"Nordagutu";17,5838166666667;19,9655666666667;0;196,191;117,7146;8;0;52,5939999999999;0
15;"Brunkeberg";18;"Skien";27,6232333333333;30,0049833333333;0;284,944;170,9664;16;0;83,0239999999999;0
15;"Brunkeberg";19;"Notodden";20,0859166666667;20,0859166666667;0;230,775;138,465;12;0;64,96;0
15;"Brunkeberg";20;"Kongsberg";30,14462;30,14462;0;310,351;186,2106;12;0;92,4522;0
15;"Brunkeberg";21;"Eiker";37,607175;37,607175;0;371,775;223,065;12;0;114,798;0
15;"Brunkeberg";22;"Drammen";41,9379166666667;41,9379166666667;0;399,375;239,625;24;0;124,69;0
15;"Brunkeberg";23;"Nesbru";51,62875;56,62875;0;459,391;275,6346;24;0,5;146,7;0
15;"Brunkeberg";24;"Majorstua";57,258;59,5255;0;499,756;299,8536;24;0;162;0
15;"Brunkeberg";25;"Oslo S";61,1141666666667;63,3816666666667;0;510,444;306,2664;24;0;165,52;0
15;"Brunkeberg";26;"Holmestrand";57,6879166666667;67,6879166666667;0;486,351;291,8106;24;1;156,59;0
15;"Brunkeberg";27;"Tønsberg";86,6232333333333;87,6732333333333;0;497,079;298,2474;16;0;160,204;0
15;"Brunkeberg";28;"Sandefjord";64,6232333333333;65,6732333333333;0;426,775;256,065;16;0;134,894;0
15;"Brunkeberg";29;"Larvik";46,6232333333333;47,6732333333333;0;374,544;224,7264;16;0;115,754;0
15;"Brunkeberg";30;"Porsgrunn";34,1232333333333;35,1732333333333;0;304,719;182,8314;16;0;90,9139999999999;0
15;"Brunkeberg";31;"Drangedal";40,5451166666667;55,5451166666667;0;267,916;160,7496;16;1;77,914;0
15;"Brunkeberg";32;"Gjerstad";65,5451166666666;80,5451166666666;0;360,679;216,4074;16;1;110,004;0
15;"Brunkeberg";33;"Arendal";145,545116666667;160,545116666667;0;576,519;345,9114;16;1;190,584;0
15;"Brunkeberg";34;"Kristiansand";160,545116666667;175,545116666667;0;699,879;419,9274;16;1;238,244;0
16;"Bø";1;"Bergen";87,7681483333334;87,7681483333334;0;806,476;483,8856;24;0;281,5814;0
16;"Bø";2;"Arna";81,532815;81,532815;0;784,471;470,6826;24;0;272,2314;0
16;"Bø";3;"Tysse";75,3835066666667;75,3835066666667;0;739,975;443,985;12;0;254,6554;0
16;"Bø";4;"Kvam-Jondal";66,7444483333334;66,7444483333334;0;672,016;403,2096;12;0;227,2394;0
16;"Bø";5;"Odda";57,6931733333333;57,6931733333333;0;589,584;353,7504;12;0;195,9854;0
16;"Bø";6;"Røldal";47,6512566666667;47,6512566666667;0;497,079;298,2474;12;0;160,1554;0
16;"Bø";7;"Sauda";52,59779;49,336665;0;550,239;330,1434;12;0;180,1674;0
16;"Bø";8;"Ølen";62,33579;59,074665;0;633,631;380,1786;12;0;212,3574;0
16;"Bø";9;"Aksdal";71,9223316666667;65,4000816666667;0;714,975;428,985;16;0;244,6474;0
16;"Bø";10;"Haugesund";76,05529;71,458915;0;739,975;443,985;16;0;254,3274;0
16;"Bø";11;"Kårstø";74,0159816666667;80,671755;0;734,991;440,9946;12;0;252,3514;0
16;"Bø";12;"Stavanger";87,0662733333334;93,7220466666667;0;854,796;512,8776;24;0;301,4714;0
16;"Bø";13;"Haukeligrend";32,2022483333333;32,2022483333333;0;335,596;201,3576;28;0;101,8274;0
16;"Bø";14;"Åmot";22,3071816666667;22,3071816666667;0;242,239;145,3434;28;0;68,4034;0
16;"Bø";15;"Brunkeberg";12,25819;12,25819;0;146,704;88,0224;28;0;35,7714;0
16;"Bø";17;"Nordagutu";7,37045000000001;7,37045000000001;0;90,711;54,4266;8;0;16,977;0
16;"Bø";18;"Skien";17,4098666666667;17,4098666666667;0;181,696;109,0176;16;0;47,407;0
16;"Bø";19;"Notodden";9,99330000000002;9,99330000000002;0;129,1;77,46;20;0;29,343;0
16;"Bø";20;"Kongsberg";20,0520033333334;20,0520033333334;0;207,751;124,6506;20;0;56,8352;0
16;"Bø";21;"Eiker";27,5145583333334;27,5145583333334;0;273,6;164,16;20;0;79,181;0
16;"Bø";22;"Drammen";31,8453;31,8453;0;301,9;181,14;40;0;89,073;0
16;"Bø";23;"Nesbru";41,5361333333333;46,5361333333333;0;363,456;218,0736;40;0,5;111,083;0
16;"Bø";24;"Majorstua";47,1653833333333;49,4328833333333;0;404,871;242,9226;40;0;126,383;0
16;"Bø";25;"Oslo S";51,02155;53,28905;0;413,1;247,86;40;0;129,903;0
16;"Bø";26;"Holmestrand";47,5953;57,5953;0;388,359;233,0154;32;1;120,973;0
16;"Bø";27;"Tønsberg";76,4098666666667;77,4598666666667;0;399,375;239,625;16;0;124,587;0
16;"Bø";28;"Sandefjord";54,4098666666667;55,4598666666667;0;330;198;16;0;99,277;0
16;"Bø";29;"Larvik";36,4098666666667;37,4598666666667;0;276,439;165,8634;16;0;80,137;0
16;"Bø";30;"Porsgrunn";23,9098666666667;24,9598666666667;0;204,864;122,9184;16;0;55,297;0
16;"Bø";31;"Drangedal";29;29;0;164,236;98,5416;16;0;41,52;0
16;"Bø";32;"Gjerstad";54;54;0;256,524;153,9144;16;0;73,61;0
16;"Bø";33;"Arendal";134;134;0;480,975;288,585;16;0;154,19;0
16;"Bø";34;"Kristiansand";149;149;0;605,196;363,1176;16;0;201,85;0
17;"Nordagutu";1;"Bergen";93,6460683333334;103,930693333333;0;847,599;508,5594;8;0,5;298,4666;0
17;"Nordagutu";2;"Arna";87,410735;97,69536;0;825,9;495,54;8;0,5;289,1166;0
17;"Nordagutu";3;"Tysse";81,2614266666667;92,1654891666667;0;782,016;469,2096;8;0,75;271,5406;0
17;"Nordagutu";4;"Kvam-Jondal";72,6223683333334;83,5264308333334;0;714,975;428,985;8;0,75;244,1246;0
17;"Nordagutu";5;"Odda";63,5710933333334;74,4751558333334;0;633,631;380,1786;8;0,75;212,8706;0
17;"Nordagutu";6;"Røldal";53,5291766666667;64,4332391666667;0;542,316;325,3896;8;0,75;177,0406;0
17;"Nordagutu";7;"Sauda";58,47571;64,54124125;0;594,796;356,8776;8;0,75;197,0526;0
17;"Nordagutu";8;"Ølen";68,21371;74,27924125;0;677,1;406,26;8;0,75;229,2426;0
17;"Nordagutu";9;"Aksdal";77,8002516666667;84,8591891666667;0;757,356;454,4136;8;0,5;261,5326;0
17;"Nordagutu";10;"Haugesund";81,93321;90,9180225;0;782,016;469,2096;8;0,5;271,2126;0
17;"Nordagutu";11;"Kårstø";79,8939016666667;90,9178820833334;0;777,1;466,26;8;0,75;269,2366;0
17;"Nordagutu";12;"Stavanger";92,9441933333334;113,145716666667;0;895,239;537,1434;8;0,5;318,3566;0
17;"Nordagutu";13;"Haukeligrend";38,0801683333334;44,8622933333333;0;382,839;229,7034;8;0;118,7126;0
17;"Nordagutu";14;"Åmot";28,1851016666667;32,9459766666667;0;290,604;174,3624;8;0;85,2886;0
17;"Nordagutu";15;"Brunkeberg";18,13611;20,65961;0;196,191;117,7146;8;0;52,6566;0
17;"Nordagutu";16;"Bø";7,35142;7,35142;0;90,711;54,4266;8;0;16,8852;0
17;"Nordagutu";18;"Skien";10,3316666666667;10,3316666666667;0;132,039;79,2234;24;0;30,43;0
17;"Nordagutu";19;"Notodden";7,24948;7,24948;0;96,639;57,9834;8;0;18,5388;0
17;"Nordagutu";20;"Kongsberg";17,4236833333334;17,4236833333334;0;178,791;107,2746;8;0;46,031;0
17;"Nordagutu";21;"Eiker";24,8862383333333;24,8862383333333;0;242,239;145,3434;8;0;68,3768;0
17;"Nordagutu";22;"Drammen";29,21698;29,21698;0;270,759;162,4554;16;0;78,2688;0
17;"Nordagutu";23;"Nesbru";38,9078133333333;43,9078133333333;0;332,799;199,6794;16;0,5;100,2788;0
17;"Nordagutu";24;"Majorstua";44,5370633333333;46,8045633333333;0;374,544;224,7264;16;0;115,5788;0
17;"Nordagutu";25;"Oslo S";48,39323;50,66073;0;385,6;231,36;16;0;119,0988;0
17;"Nordagutu";26;"Holmestrand";44,96698;54,96698;0;360,679;216,4074;16;1;110,1688;0
17;"Nordagutu";27;"Tønsberg";69,3316666666667;70,3816666666667;0;352,336;211,4016;24;0;107,61;0
17;"Nordagutu";28;"Sandefjord";47,3316666666667;48,3816666666667;0;282,111;169,2666;24;0;82,3;0
17;"Nordagutu";29;"Larvik";29,3316666666667;30,3816666666667;0;227,904;136,7424;24;0;63,16;0
17;"Nordagutu";30;"Porsgrunn";16,8316666666667;17,8816666666667;0;155,479;93,2874;24;0;38,32;0
17;"Nordagutu";31;"Drangedal";36,35142;51,35142;0;213,519;128,1114;8;1;58,6458;0
17;"Nordagutu";32;"Gjerstad";61,35142;76,35142;0;304,719;182,8314;8;1;90,7358;0
17;"Nordagutu";33;"Arendal";141,35142;156,35142;0;526,416;315,8496;8;1;171,3158;0
17;"Nordagutu";34;"Kristiansand";156,35142;171,35142;0;649,039;389,4234;8;1;218,9758;0
18;"Skien";1;"Bergen";103,85786;114,142485;0;918,759;551,2554;16;0,5;328,8966;0
18;"Skien";2;"Arna";97,6225266666667;107,907151666667;0;897,6;538,56;16;0,5;319,5466;0
18;"Skien";3;"Tysse";91,4732183333334;101,757843333333;0;854,796;512,8776;12;0,5;301,9706;0
18;"Skien";4;"Kvam-Jondal";82,83416;93,118785;0;789,375;473,625;12;0,5;274,5546;0
18;"Skien";5;"Odda";73,782885;84,06751;0;712,464;427,4784;12;0,5;243,3006;0
18;"Skien";6;"Røldal";63,7409683333333;74,0255933333334;0;620,736;372,4416;12;0,5;207,4706;0
18;"Skien";7;"Sauda";68,6875016666667;75,7464391666667;0;672,016;403,2096;12;0,5;227,4826;"ic. Bø 10min"
18;"Skien";8;"Ølen";78,4255016666667;85,4844391666667;0;752,4;451,44;12;0,5;259,6726;"ic. Bø 10min"
18;"Skien";9;"Aksdal";88,0120433333334;95,0709808333334;0;830,736;498,4416;16;0,5;291,9626;"ic. Bø 10min"
18;"Skien";10;"Haugesund";92,1450016666667;101,129814166667;0;854,796;512,8776;16;0,5;301,6426;"ic. Bø 10min"
18;"Skien";11;"Kårstø";90,1056933333334;110,307216666667;0;850;510;12;0,5;299,6666;"ic. Bø, 10min"
18;"Skien";12;"Stavanger";103,155985;123,357508333333;0;965,199;579,1194;16;0,5;348,7866;"ic. Bø, 10min"
18;"Skien";13;"Haukeligrend";48,29196;55,074085;0;467,5;280,5;16;0;149,1426;0
18;"Skien";14;"Åmot";38,3968933333333;43,1577683333333;0;374,544;224,7264;16;0;115,7186;0
18;"Skien";15;"Brunkeberg";28,3479016666667;30,8714016666667;0;284,944;170,9664;16;0;83,0866;0
18;"Skien";16;"Bø";17,5632116666667;17,5632116666667;0;181,696;109,0176;16;0;47,3152;0
18;"Skien";17;"Nordagutu";10,5731666666667;10,5731666666667;0;132,039;79,2234;24;0;30,43;0
18;"Skien";19;"Notodden";16,8837716666667;16,8837716666667;0;184,599;110,7594;16;0;48,9688;0
18;"Skien";20;"Kongsberg";27,057975;27,057975;0;265,071;159,0426;16;0;76,461;0
18;"Skien";21;"Eiker";34,52053;34,52053;0;327,199;196,3194;16;0;98,8068;0
18;"Skien";22;"Drammen";38,8512716666667;38,8512716666667;0;355,119;213,0714;32;0;108,6988;0
18;"Skien";23;"Nesbru";48,542105;53,542105;0;415,839;249,5034;32;0,5;130,7088;0
18;"Skien";24;"Majorstua";54,171355;56,438855;0;459,391;275,6346;32;0;146,0088;0
18;"Skien";25;"Oslo S";58,0275216666667;60,2950216666667;0;467,5;280,5;32;0;149,5288;0
18;"Skien";26;"Holmestrand";73,15;73,15;0;341,184;204,7104;32;0;103,13;0
18;"Skien";27;"Tønsberg";59;59;0;267,916;160,7496;48;0;77,18;0
18;"Skien";28;"Sandefjord";37;37;0;193,296;115,9776;48;0;51,87;0
18;"Skien";29;"Larvik";19;19;0;137,911;82,7466;48;0;32,73;0
18;"Skien";30;"Porsgrunn";6,5;6,5;0;63,936;38,3616;48;0;7,89;0
18;"Skien";31;"Drangedal";46,5632116666667;61,5632116666667;0;301,9;181,14;16;1;89,0758;0
18;"Skien";32;"Gjerstad";71,5632116666667;86,5632116666667;0;391,116;234,6696;16;1;121,1658;0
18;"Skien";33;"Arendal";151,563211666667;166,563211666667;0;605,196;363,1176;16;1;201,7458;0
18;"Skien";34;"Kristiansand";166,563211666667;181,563211666667;0;727,5;436,5;16;1;249,4058;0
19;"Notodden";1;"Bergen";95,9765;95,9765;0;876,279;525,7674;16;0;310,77;0
19;"Notodden";2;"Arna";89,7411666666666;89,7411666666666;0;854,796;512,8776;16;0;301,42;0
19;"Notodden";3;"Tysse";83,5918583333333;83,5918583333333;0;811,344;486,8064;8;0;283,844;0
19;"Notodden";4;"Kvam-Jondal";74,9528;74,9528;0;744,951;446,9706;8;0;256,428;0
19;"Notodden";5;"Odda";65,901525;65,901525;0;666,924;400,1544;8;0;225,174;0
19;"Notodden";6;"Røldal";55,8596083333333;55,8596083333333;0;573,9;344,34;8;0;189,344;0
19;"Notodden";7;"Sauda";60,8061416666667;58,8422041666667;0;625,9;375,54;8;0;209,356;0
19;"Notodden";8;"Ølen";70,5441416666667;68,5802041666667;0;707,436;424,4616;8;0;241,546;0
19;"Notodden";9;"Aksdal";80,1306833333333;76,2028083333333;0;786,924;472,1544;8;0;273,836;0
19;"Notodden";10;"Haugesund";84,2636416666667;82,2616416666667;0;811,344;486,8064;8;0;283,516;0
19;"Notodden";11;"Kårstø";82,2243333333334;90,1772941666667;0;806,476;483,8856;8;0;281,54;0
19;"Notodden";12;"Stavanger";95,274625;103,227585833333;0;923,439;554,0634;16;0;330,66;0
19;"Notodden";13;"Haukeligrend";40,4106;40,4106;0;418,576;251,1456;12;0;131,016;0
19;"Notodden";14;"Åmot";30,5155333333333;30,5155333333333;0;324,396;194,6376;12;0;97,592;0
19;"Notodden";15;"Brunkeberg";20,4665416666667;20,4665416666667;0;230,775;138,465;12;0;64,96;0
19;"Notodden";16;"Bø";9,75272666666666;9,75272666666666;0;129,1;77,46;20;0;29,1886;0
19;"Notodden";17;"Nordagutu";7,28288333333333;7,28288333333333;0;96,639;57,9834;8;0;18,548;0
19;"Notodden";18;"Skien";16,6678;16,6678;0;184,599;110,7594;16;0;48,978;0
19;"Notodden";20;"Kongsberg";11,0387033333333;11,0387033333333;0;123,216;73,9296;24;0;27,4922;0
19;"Notodden";21;"Eiker";18,5012583333333;18,5012583333333;0;187,5;112,5;24;0;49,838;0
19;"Notodden";22;"Drammen";22,832;22,832;0;216,4;129,84;48;0;59,73;0
19;"Notodden";23;"Nesbru";32,5228333333333;37,5228333333333;0;279,276;167,5656;48;0,5;81,74;0
19;"Notodden";24;"Majorstua";38,1520833333333;40,4195833333333;0;324,396;194,6376;48;0;97,04;0
19;"Notodden";25;"Oslo S";42,00825;44,27575;0;332,799;199,6794;48;0;100,56;0
19;"Notodden";26;"Holmestrand";38,582;48,582;0;307,536;184,5216;32;1;91,63;0
19;"Notodden";27;"Tønsberg";47,582;57,582;0;380,076;228,0456;48;1;117,58;0
19;"Notodden";28;"Sandefjord";53,6678;54,7178;0;332,799;199,6794;16;0;100,848;0
19;"Notodden";29;"Larvik";35,6678;36,7178;0;279,276;167,5656;16;0;81,7079999999999;0
19;"Notodden";30;"Porsgrunn";23,1678;24,2178;0;207,751;124,6506;16;0;56,868;0
19;"Notodden";31;"Drangedal";38,7527266666667;48,7527266666667;0;247,959;148,7754;16;1;70,9492;0
19;"Notodden";32;"Gjerstad";63,7527266666667;73,7527266666667;0;341,184;204,7104;16;1;103,0392;0
19;"Notodden";33;"Arendal";143,752726666667;153,752726666667;0;558,144;334,8864;16;1;183,6192;0
19;"Notodden";34;"Kristiansand";158,752726666667;168,752726666667;0;682,176;409,3056;16;1;231,2792;0
20;"Kongsberg";1;"Bergen";106,115208333333;106,115208333333;0;942,079;565,2474;16;0;338,39;0
20;"Kongsberg";2;"Arna";99,879875;99,879875;0;921,1;552,66;16;0;329,04;0
20;"Kongsberg";3;"Tysse";93,7305666666667;93,7305666666667;0;878,656;527,1936;8;0;311,464;0
20;"Kongsberg";4;"Kvam-Jondal";85,0915083333334;85,0915083333334;0;813,775;488,265;8;0;284,048;0
20;"Kongsberg";5;"Odda";76,0402333333334;76,0402333333334;0;734,991;440,9946;8;0;252,794;0
20;"Kongsberg";6;"Røldal";65,9983166666667;65,9983166666667;0;643,911;386,3466;8;0;216,964;0
20;"Kongsberg";7;"Sauda";70,94485;68,9809125;0;694,831;416,8986;8;0;236,976;0
20;"Kongsberg";8;"Ølen";80,68285;78,7189125;0;777,1;466,26;8;0;269,166;0
20;"Kongsberg";9;"Aksdal";90,2693916666667;86,3415166666667;0;854,796;512,8776;8;0;301,456;0
20;"Kongsberg";10;"Haugesund";94,40235;92,40035;0;878,656;527,1936;8;0;311,136;0
20;"Kongsberg";11;"Kårstø";92,3630416666667;100,3160025;0;873,9;524,34;8;0;309,16;0
20;"Kongsberg";12;"Stavanger";105,413333333333;113,366294166667;0;988,119;592,8714;16;0;358,28;0
20;"Kongsberg";13;"Haukeligrend";50,5493083333333;50,5493083333333;0;491,719;295,0314;12;0;158,636;0
20;"Kongsberg";14;"Åmot";40,6542416666667;40,6542416666667;0;402,124;241,2744;12;0;125,212;0
20;"Kongsberg";15;"Brunkeberg";30,60525;30,60525;0;310,351;186,2106;12;0;92,58;0
20;"Kongsberg";16;"Bø";19,891435;19,891435;0;207,751;124,6506;20;0;56,8086;0
20;"Kongsberg";17;"Nordagutu";17,4233416666667;17,4233416666667;0;178,791;107,2746;8;0;46,168;0
20;"Kongsberg";18;"Skien";26,8082583333333;26,8082583333333;0;265,071;159,0426;16;0;76,598;0
20;"Kongsberg";19;"Notodden";11,0653333333333;11,0653333333333;0;123,216;73,9296;24;0;27,62;0
20;"Kongsberg";21;"Eiker";9,75068;9,75068;0;108,471;65,0826;24;0;22,3458;0
20;"Kongsberg";22;"Drammen";14,0814216666667;14,0814216666667;0;137,911;82,7466;48;0;32,2378;0
20;"Kongsberg";23;"Nesbru";23,772255;28,772255;0;201,975;121,185;48;0,5;54,2478;0
20;"Kongsberg";24;"Majorstua";29,401505;31,669005;0;245,1;147,06;48;0;69,5478;0
20;"Kongsberg";25;"Oslo S";33,2576716666667;35,5251716666667;0;256,524;153,9144;48;0;73,0678;0
20;"Kongsberg";26;"Holmestrand";29,8314216666667;39,8314216666667;0;230,775;138,465;32;1;64,1378;0
20;"Kongsberg";27;"Tønsberg";38,8314216666667;48,8314216666667;0;304,719;182,8314;48;1;90,0878;0
20;"Kongsberg";28;"Sandefjord";58,8814216666667;68,8814216666667;0;374,544;224,7264;48;1;115,3978;0
20;"Kongsberg";29;"Larvik";45,8082583333333;46,8582583333333;0;357,9;214,74;16;0;109,328;0
20;"Kongsberg";30;"Porsgrunn";33,3082583333333;34,3582583333333;0;287,775;172,665;16;0;84,488;0
20;"Kongsberg";31;"Drangedal";48,891435;58,891435;0;327,199;196,3194;16;1;98,5692;0
20;"Kongsberg";32;"Gjerstad";73,891435;83,891435;0;415,839;249,5034;16;1;130,6592;0
20;"Kongsberg";33;"Arendal";153,891435;163,891435;0;631,056;378,6336;16;1;211,2392;0
20;"Kongsberg";34;"Kristiansand";168,891435;178,891435;0;749,919;449,9514;16;1;258,8992;0
21;"Eiker";1;"Bergen";113,732258333333;113,732258333333;0;992,679;595,6074;16;0;360,608;0
21;"Eiker";2;"Arna";107,496925;107,496925;0;972,096;583,2576;16;0;351,258;0
21;"Eiker";3;"Tysse";101,347616666667;101,347616666667;0;930,444;558,2664;8;0;333,682;0
21;"Eiker";4;"Kvam-Jondal";92,7085583333333;92,7085583333333;0;866,751;520,0506;8;0;306,266;0
21;"Eiker";5;"Odda";83,6572833333333;83,6572833333333;0;791,824;475,0944;8;0;275,012;0
21;"Eiker";6;"Røldal";73,6153666666667;73,6153666666667;0;702,4;421,44;8;0;239,182;0
21;"Eiker";7;"Sauda";78,5619;76,5979625;0;752,4;451,44;8;0;259,194;0
21;"Eiker";8;"Ølen";88,2999;86,3359625;0;830,736;498,4416;8;0;291,384;0
21;"Eiker";9;"Aksdal";97,8864416666667;93,9585666666667;0;907,024;544,2144;8;0;323,674;0
21;"Eiker";10;"Haugesund";102,0194;100,0174;0;930,444;558,2664;8;0;333,354;0
21;"Eiker";11;"Kårstø";99,9800916666667;107,9330525;0;925,776;555,4656;8;0;331,378;0
21;"Eiker";12;"Stavanger";113,030383333333;120,983344166667;0;1037,839;622,7034;16;0;380,498;0
21;"Eiker";13;"Haukeligrend";58,1663583333333;58,1663583333333;0;550,239;330,1434;12;0;180,854;0
21;"Eiker";14;"Åmot";48,2712916666667;48,2712916666667;0;462,096;277,2576;12;0;147,43;0
21;"Eiker";15;"Brunkeberg";38,2223;38,2223;0;371,775;223,065;12;0;114,798;0
21;"Eiker";16;"Bø";27,508485;27,508485;0;273,6;164,16;20;0;79,0266;0
21;"Eiker";17;"Nordagutu";25,0403916666667;25,0403916666667;0;242,239;145,3434;8;0;68,386;0
21;"Eiker";18;"Skien";34,4253083333333;34,4253083333333;0;327,199;196,3194;16;0;98,816;0
21;"Eiker";19;"Notodden";18,6823833333333;18,6823833333333;0;187,5;112,5;24;0;49,838;0
21;"Eiker";20;"Kongsberg";9,8168;9,8168;0;108,471;65,0826;24;0;22,218;0
21;"Eiker";22;"Drammen";5,01236666666666;5,01236666666666;0;69,9;41,94;48;0;9,892;0
21;"Eiker";23;"Nesbru";14,7032;19,7032;0;134,976;80,9856;48;0,5;31,902;0
21;"Eiker";24;"Majorstua";20,33245;22,59995;0;181,696;109,0176;48;0;47,202;0
21;"Eiker";25;"Oslo S";24,1886166666667;26,4561166666667;0;190,399;114,2394;48;0;50,722;0
21;"Eiker";26;"Holmestrand";20,7623666666667;30,7623666666667;0;164,236;98,5416;32;1;41,792;0
21;"Eiker";27;"Tønsberg";29,7623666666667;39,7623666666667;0;239,376;143,6256;48;1;67,742;0
21;"Eiker";28;"Sandefjord";49,8123666666667;59,8123666666667;0;313,164;187,8984;48;1;93,052;0
21;"Eiker";29;"Larvik";53,4253083333333;54,4753083333333;0;366,231;219,7386;16;0;131,546;0
21;"Eiker";30;"Porsgrunn";40,9253083333333;41,9753083333333;0;349,551;209,7306;16;0;106,706;0
21;"Eiker";31;"Drangedal";56,508485;66,508485;0;388,359;233,0154;16;1;120,7872;0
21;"Eiker";32;"Gjerstad";81,508485;91,508485;0;475,591;285,3546;16;1;152,8772;0
21;"Eiker";33;"Arendal";161,508485;171,508485;0;687,244;412,3464;16;1;233,4572;0
21;"Eiker";34;"Kristiansand";176,508485;186,508485;0;806,476;483,8856;16;1;281,1172;0
22;"Drammen";1;"Bergen";118,06125;118,06125;0;1015,359;609,2154;32;0;370,5;0
22;"Drammen";2;"Arna";111,825916666667;111,825916666667;0;994,956;596,9736;32;0;361,15;0
22;"Drammen";3;"Tysse";105,676608333333;105,676608333333;0;953,664;572,1984;16;0;343,574;0
22;"Drammen";4;"Kvam-Jondal";97,03755;97,03755;0;890,511;534,3066;16;0;316,158;0
22;"Drammen";5;"Odda";87,986275;87,986275;0;813,775;488,265;16;0;284,904;0
22;"Drammen";6;"Røldal";77,9443583333334;77,9443583333334;0;727,5;436,5;16;0;249,074;0
22;"Drammen";7;"Sauda";82,8908916666667;80,9269541666667;0;777,1;466,26;16;0;269,086;0
22;"Drammen";8;"Ølen";92,6288916666667;90,6649541666667;0;854,796;512,8776;16;0;301,276;0
22;"Drammen";9;"Aksdal";102,215433333333;98,2875583333333;0;930,444;558,2664;16;0;333,566;0
22;"Drammen";10;"Haugesund";106,348391666667;104,346391666667;0;953,664;572,1984;16;0;343,246;0
22;"Drammen";11;"Kårstø";104,309083333333;112,262044166667;0;949,036;569,4216;16;0;341,27;0
22;"Drammen";12;"Stavanger";117,359375;125,312335833333;0;1060,119;636,0714;32;0;390,39;0
22;"Drammen";13;"Haukeligrend";62,49535;62,49535;0;576,519;345,9114;24;0;190,746;0
22;"Drammen";14;"Åmot";52,6002833333333;52,6002833333333;0;489,036;293,4216;24;0;157,322;0
22;"Drammen";15;"Brunkeberg";42,5512916666667;42,5512916666667;0;399,375;239,625;24;0;124,69;0
22;"Drammen";16;"Bø";31,8374766666667;31,8374766666667;0;299,079;179,4474;40;0;88,9186;0
22;"Drammen";17;"Nordagutu";29,3693833333333;29,3693833333333;0;270,759;162,4554;16;0;78,278;0
22;"Drammen";18;"Skien";38,7543;38,7543;0;355,119;213,0714;32;0;108,708;0
22;"Drammen";19;"Notodden";23,011375;23,011375;0;216,4;129,84;48;0;59,73;0
22;"Drammen";20;"Kongsberg";14,1457916666667;14,1457916666667;0;137,911;82,7466;48;0;32,11;0
22;"Drammen";21;"Eiker";5,01761666666666;5,01761666666666;0;69,9;41,94;48;0;9,892;0
22;"Drammen";23;"Nesbru";8,64083333333332;8,64083333333332;0;108,471;65,0826;72;0;22,01;0
22;"Drammen";24;"Majorstua";14,2700833333333;16,5375833333333;0;152,556;91,5336;144;0;37,31;0
22;"Drammen";25;"Oslo S";18,12625;20,39375;0;161,319;96,7914;144;0;40,83;0
22;"Drammen";26;"Holmestrand";15,75;15,75;0;134,976;80,9856;32;0;31,9;0
22;"Drammen";27;"Tønsberg";24,75;24,75;0;210,636;126,3816;48;0;57,85;0
22;"Drammen";28;"Sandefjord";44,8;44,8;0;284,944;170,9664;48;0;83,16;0
22;"Drammen";29;"Larvik";57,7543;58,8043;0;338,391;203,0346;32;0;141,438;0
22;"Drammen";30;"Porsgrunn";45,2543;46,3043;0;377,311;226,3866;32;0;116,598;0
22;"Drammen";31;"Drangedal";60,8374766666667;70,8374766666667;0;415,839;249,5034;16;1;130,6792;0
22;"Drammen";32;"Gjerstad";85,8374766666667;95,8374766666667;0;502,431;301,4586;16;1;162,7692;0
22;"Drammen";33;"Arendal";165,837476666667;175,837476666667;0;712,464;427,4784;16;1;243,3492;0
22;"Drammen";34;"Kristiansand";180,837476666667;190,837476666667;0;830,736;498,4416;16;1;291,0092;0
23;"Nesbru";1;"Bergen";127,692583333333;132,692583333333;0;1064,551;638,7306;32;0,5;392,51;0
23;"Nesbru";2;"Arna";121,45725;126,45725;0;1044,544;626,7264;32;0,5;383,16;0
23;"Nesbru";3;"Tysse";115,307941666667;120,307941666667;0;1004,044;602,4264;16;0,5;365,584;0
23;"Nesbru";4;"Kvam-Jondal";106,668883333333;111,668883333333;0;942,079;565,2474;16;0,5;338,168;0
23;"Nesbru";5;"Odda";97,6176083333333;102,617608333333;0;866,751;520,0506;16;0,5;306,914;0
23;"Nesbru";6;"Røldal";87,5756916666667;92,5756916666667;0;782,016;469,2096;16;0,5;271,084;0
23;"Nesbru";7;"Sauda";92,522225;95,5582875;0;830,736;498,4416;16;0,5;291,096;0
23;"Nesbru";8;"Ølen";102,260225;105,2962875;0;907,024;544,2144;16;0,5;323,286;0
23;"Nesbru";9;"Aksdal";111,846766666667;112,918891666667;0;981,264;588,7584;16;0,5;355,576;0
23;"Nesbru";10;"Haugesund";115,979725;118,977725;0;1004,044;602,4264;16;0,5;365,256;0
23;"Nesbru";11;"Kårstø";113,940416666667;126,8933775;0;999,504;599,7024;16;0,5;363,28;0
23;"Nesbru";12;"Stavanger";126,990708333333;139,943669166667;0;1108,431;665,0586;32;0,5;412,4;0
23;"Nesbru";13;"Haukeligrend";72,1266833333333;77,1266833333333;0;633,631;380,1786;24;0,5;212,756;0
23;"Nesbru";14;"Åmot";62,2316166666667;67,2316166666667;0;547,6;328,56;24;0,5;179,332;0
23;"Nesbru";15;"Brunkeberg";52,182625;57,182625;0;459,391;275,6346;24;0,5;146,7;0
23;"Nesbru";16;"Bø";41,46881;46,46881;0;360,679;216,4074;40;0,5;110,9286;0
23;"Nesbru";17;"Nordagutu";39,0007166666667;44,0007166666667;0;332,799;199,6794;16;0,5;100,288;0
23;"Nesbru";18;"Skien";48,3856333333333;53,3856333333333;0;415,839;249,5034;32;0,5;130,718;0
23;"Nesbru";19;"Notodden";32,6427083333333;37,6427083333333;0;279,276;167,5656;48;0,5;81,74;0
23;"Nesbru";20;"Kongsberg";23,777125;28,777125;0;201,975;121,185;48;0,5;54,12;0
23;"Nesbru";21;"Eiker";14,64895;19,64895;0;134,976;80,9856;48;0,5;31,902;0
23;"Nesbru";22;"Drammen";8,58133333333333;8,58133333333333;0;108,471;65,0826;72;0;22,01;0
23;"Nesbru";24;"Majorstua";6,34675;6,84675;0;87,744;52,6464;72;0;15,3;0
23;"Nesbru";25;"Oslo S";10,2029166666667;10,7029166666667;0;96,639;57,9834;72;0;18,82;0
23;"Nesbru";26;"Holmestrand";24,3313333333333;30,3813333333333;0;199,084;119,4504;32;0,5;53,91;0
23;"Nesbru";27;"Tønsberg";33,3313333333333;39,3813333333333;0;273,6;164,16;48;0,5;79,86;0
23;"Nesbru";28;"Sandefjord";53,3813333333333;59,4313333333333;0;346,764;208,0584;48;0,5;105,17;0
23;"Nesbru";29;"Larvik";67,3856333333333;73,4356333333333;0;399,375;239,625;32;0,5;163,448;0
23;"Nesbru";30;"Porsgrunn";54,8856333333333;60,9356333333333;0;437,679;262,6074;32;0,5;138,608;0
23;"Nesbru";31;"Drangedal";70,46881;80,46881;0;475,591;285,3546;16;1;152,6892;0
23;"Nesbru";32;"Gjerstad";95,46881;105,46881;0;560,775;336,465;16;1;184,7792;0
23;"Nesbru";33;"Arendal";175,46881;185,46881;0;767,244;460,3464;16;1;265,3592;0
23;"Nesbru";34;"Kristiansand";190,46881;200,46881;0;883,404;530,0424;16;1;313,0192;0
24;"Majorstua";1;"Bergen";133,349833333333;135,645333333333;0;1097,536;658,5216;32;0;407,81;0
24;"Majorstua";2;"Arna";127,1145;129,41;0;1077,799;646,6794;32;0;398,46;0
24;"Majorstua";3;"Tysse";120,965191666667;123,260691666667;0;1037,839;622,7034;16;0;380,884;0
24;"Majorstua";4;"Kvam-Jondal";112,326133333333;114,621633333333;0;976,684;586,0104;16;0;353,468;0
24;"Majorstua";5;"Odda";103,274858333333;105,570358333333;0;904,671;542,8026;16;0;322,214;0
24;"Majorstua";6;"Røldal";93,2329416666667;95,5284416666667;0;818,631;491,1786;16;0;286,384;0
24;"Majorstua";7;"Sauda";98,179475;98,5110375;0;866,751;520,0506;16;0;306,396;0
24;"Majorstua";8;"Ølen";107,917475;108,2490375;0;942,079;565,2474;16;0;338,586;0
24;"Majorstua";9;"Aksdal";117,504016666667;115,871641666667;0;1015,359;609,2154;16;0;370,876;0
24;"Majorstua";10;"Haugesund";121,636975;121,930475;0;1037,839;622,7034;16;0;380,556;0
24;"Majorstua";11;"Kårstø";119,597666666667;129,8461275;0;1033,359;620,0154;16;0;378,58;0
24;"Majorstua";12;"Stavanger";132,647958333333;142,896419166667;0;1140,816;684,4896;32;0;427,7;0
24;"Majorstua";13;"Haukeligrend";77,7839333333333;80,0794333333333;0;674,559;404,7354;24;0;228,056;0
24;"Majorstua";14;"Åmot";67,8888666666667;70,1843666666667;0;586,975;352,185;24;0;194,632;0
24;"Majorstua";15;"Brunkeberg";57,839875;60,135375;0;499,756;299,8536;24;0;162;0
24;"Majorstua";16;"Bø";47,12606;49,42156;0;404,871;242,9226;40;0;126,2286;0
24;"Majorstua";17;"Nordagutu";44,6579666666667;46,9534666666667;0;374,544;224,7264;16;0;115,588;0
24;"Majorstua";18;"Skien";54,0428833333333;56,3383833333333;0;459,391;275,6346;32;0;146,018;0
24;"Majorstua";19;"Notodden";38,2999583333333;40,5954583333333;0;324,396;194,6376;48;0;97,04;0
24;"Majorstua";20;"Kongsberg";29,434375;31,729875;0;245,1;147,06;48;0;69,42;0
24;"Majorstua";21;"Eiker";20,3062;22,6017;0;181,696;109,0176;48;0;47,202;0
24;"Majorstua";22;"Drammen";14,2385833333333;16,5340833333333;0;152,556;91,5336;144;0;37,31;0
24;"Majorstua";23;"Nesbru";6,40275;6,90275;0;87,744;52,6464;72;0;15,3;0
24;"Majorstua";25;"Oslo S";2,80616666666668;2,80616666666668;0;51,984;31,1904;144;0;3,51999999999998;0
24;"Majorstua";26;"Holmestrand";29,9885833333333;33,3340833333333;0;245,1;147,06;32;0;69,21;0
24;"Majorstua";27;"Tønsberg";38,9885833333333;42,3340833333333;0;318,784;191,2704;48;0;95,16;0
24;"Majorstua";28;"Sandefjord";59,0385833333333;62,3840833333333;0;388,359;233,0154;48;0;120,47;0
24;"Majorstua";29;"Larvik";73,0428833333333;76,3883833333333;0;440,4;264,24;32;0;178,748;0
24;"Majorstua";30;"Porsgrunn";60,5428833333333;63,8883833333333;0;478,284;286,9704;32;0;153,908;0
24;"Majorstua";31;"Drangedal";76,12606;88,42156;0;515,776;309,4656;16;1;167,9892;0
24;"Majorstua";32;"Gjerstad";101,12606;113,42156;0;602,599;361,5594;16;1;200,0792;0
24;"Majorstua";33;"Arendal";181,12606;193,42156;0;804,039;482,4234;16;1;280,6592;0
24;"Majorstua";34;"Kristiansand";196,12606;208,42156;0;918,759;551,2554;16;1;328,3192;0
25;"Oslo S";1;"Bergen";136,9785;139,274;0;1106,256;663,7536;32;0;411,33;0
25;"Oslo S";2;"Arna";130,743166666667;133,038666666667;0;1084,396;650,6376;32;0;401,98;0
25;"Oslo S";3;"Tysse";124,593858333333;126,889358333333;0;1046,775;628,065;16;0;384,404;0
25;"Oslo S";4;"Kvam-Jondal";115,9548;118,2503;0;983,551;590,1306;16;0;356,988;0
25;"Oslo S";5;"Odda";106,903525;109,199025;0;911,724;547,0344;16;0;325,734;0
25;"Oslo S";6;"Røldal";96,8616083333334;99,1571083333334;0;825,9;495,54;16;0;289,904;0
25;"Oslo S";7;"Sauda";101,808141666667;102,139704166667;0;873,9;524,34;16;0;309,916;0
25;"Oslo S";8;"Ølen";111,546141666667;111,877704166667;0;951,351;570,8106;16;0;342,106;0
25;"Oslo S";9;"Aksdal";121,132683333333;119,500308333333;0;1024,375;614,625;16;0;374,396;0
25;"Oslo S";10;"Haugesund";125,265641666667;125,559141666667;0;1046,775;628,065;16;0;384,076;0
25;"Oslo S";11;"Kårstø";123,226333333333;133,474794166667;0;1042,311;625,3866;16;0;382,1;0
25;"Oslo S";12;"Stavanger";136,276625;146,525085833333;0;1149,376;689,6256;32;0;431,22;0
25;"Oslo S";13;"Haukeligrend";81,4126;83,7081;0;682,176;409,3056;24;0;231,576;0
25;"Oslo S";14;"Åmot";71,5175333333334;73,8130333333334;0;597,399;358,4394;24;0;198,152;0
25;"Oslo S";15;"Brunkeberg";61,4685416666667;63,7640416666667;0;510,444;306,2664;24;0;165,52;0
25;"Oslo S";16;"Bø";50,7547266666667;53,0502266666667;0;413,1;247,86;40;0;129,7486;0
25;"Oslo S";17;"Nordagutu";48,2866333333333;50,5821333333333;0;385,6;231,36;16;0;119,108;0
25;"Oslo S";18;"Skien";57,67155;59,96705;0;467,5;280,5;32;0;149,538;0
25;"Oslo S";19;"Notodden";41,928625;44,224125;0;332,799;199,6794;48;0;100,56;0
25;"Oslo S";20;"Kongsberg";33,0630416666667;35,3585416666667;0;253,671;152,2026;48;0;72,94;0
25;"Oslo S";21;"Eiker";23,9348666666667;26,2303666666667;0;190,399;114,2394;48;0;50,722;0
25;"Oslo S";22;"Drammen";17,86725;20,16275;0;161,319;96,7914;144;0;40,83;0
25;"Oslo S";23;"Nesbru";10,0314166666667;10,5314166666667;0;96,639;57,9834;72;0;18,82;0
25;"Oslo S";24;"Majorstua";2,57866666666667;2,57866666666667;0;51,984;31,1904;144;0;3,51999999999998;0
25;"Oslo S";26;"Holmestrand";33,61725;36,96275;0;253,671;152,2026;32;0;72,73;0
25;"Oslo S";27;"Tønsberg";42,61725;45,96275;0;327,199;196,3194;48;0;98,68;0
25;"Oslo S";28;"Sandefjord";62,66725;66,01275;0;396,624;237,9744;48;0;123,99;0
25;"Oslo S";29;"Larvik";76,67155;80,01705;0;451,264;270,7584;32;0;182,268;0
25;"Oslo S";30;"Porsgrunn";64,17155;67,51705;0;489,036;293,4216;32;0;157,428;0
25;"Oslo S";31;"Drangedal";79,7547266666667;92,0502266666667;0;526,416;315,8496;16;1;171,5092;0
25;"Oslo S";32;"Gjerstad";104,754726666667;117,050226666667;0;610,384;366,2304;16;1;203,5992;0
25;"Oslo S";33;"Arendal";184,754726666667;197,050226666667;0;813,775;488,265;16;1;284,1792;0
25;"Oslo S";34;"Kristiansand";199,754726666667;212,050226666667;0;925,776;555,4656;16;1;331,8392;0
26;"Holmestrand";1;"Bergen";133,81125;143,81125;0;1086,591;651,9546;32;1;402,4;0
26;"Holmestrand";2;"Arna";127,575916666667;137,575916666667;0;1066,764;640,0584;32;1;393,05;0
26;"Holmestrand";3;"Tysse";121,426608333333;131,426608333333;0;1026,624;615,9744;16;1;375,474;0
26;"Holmestrand";4;"Kvam-Jondal";112,78755;122,78755;0;965,199;579,1194;16;1;348,058;0
26;"Holmestrand";5;"Odda";103,736275;113,736275;0;890,511;534,3066;16;1;316,804;0
26;"Holmestrand";6;"Røldal";93,6943583333334;103,694358333333;0;804,039;482,4234;16;1;280,974;0
26;"Holmestrand";7;"Sauda";98,6408916666667;106,676954166667;0;852,399;511,4394;16;1;300,986;0
26;"Holmestrand";8;"Ølen";108,378891666667;116,414954166667;0;930,444;558,2664;16;1;333,176;0
26;"Holmestrand";9;"Aksdal";117,965433333333;124,037558333333;0;1004,044;602,4264;16;1;365,466;0
26;"Holmestrand";10;"Haugesund";122,098391666667;130,096391666667;0;1026,624;615,9744;16;1;375,146;0
26;"Holmestrand";11;"Kårstø";120,059083333333;138,012044166667;0;1022,124;613,2744;16;1;373,17;0
26;"Holmestrand";12;"Stavanger";133,109375;151,062335833333;0;1130,071;678,0426;32;1;422,29;0
26;"Holmestrand";13;"Haukeligrend";78,24535;88,24535;0;659,271;395,5626;24;1;222,646;0
26;"Holmestrand";14;"Åmot";68,3502833333334;78,3502833333334;0;573,9;344,34;24;1;189,222;0
26;"Holmestrand";15;"Brunkeberg";58,3012916666667;68,3012916666667;0;486,351;291,8106;24;1;156,59;0
26;"Holmestrand";16;"Bø";47,5874766666667;57,5874766666667;0;388,359;233,0154;32;1;120,8186;0
26;"Holmestrand";17;"Nordagutu";45,1193833333333;55,1193833333333;0;360,679;216,4074;16;1;110,178;0
26;"Holmestrand";18;"Skien";73,15;73,15;0;341,184;204,7104;32;0;103,13;0
26;"Holmestrand";19;"Notodden";38,761375;48,761375;0;307,536;184,5216;32;1;91,63;0
26;"Holmestrand";20;"Kongsberg";29,8957916666667;39,8957916666667;0;230,775;138,465;32;1;64,01;0
26;"Holmestrand";21;"Eiker";20,7676166666667;30,7676166666667;0;164,236;98,5416;32;1;41,792;0
26;"Holmestrand";22;"Drammen";15,75;15,75;0;134,976;80,9856;32;0;31,9;0
26;"Holmestrand";23;"Nesbru";24,3908333333333;30,4408333333333;0;199,084;119,4504;32;0,5;53,91;0
26;"Holmestrand";24;"Majorstua";30,0200833333333;33,3375833333333;0;245,1;147,06;32;0;69,21;0
26;"Holmestrand";25;"Oslo S";33,87625;37,19375;0;253,671;152,2026;32;0;72,73;0
26;"Holmestrand";27;"Tønsberg";13,1;13,1;0;117,324;70,3944;32;0;25,95;0
26;"Holmestrand";28;"Sandefjord";33,15;33,15;0;193,296;115,9776;32;0;51,26;0
26;"Holmestrand";29;"Larvik";51,15;51,15;0;247,959;148,7754;32;0;70,4;0
26;"Holmestrand";30;"Porsgrunn";65,65;65,65;0;318,784;191,2704;32;0;95,24;0
26;"Holmestrand";31;"Drangedal";76,5874766666667;96,5874766666667;0;502,431;301,4586;16;2;162,5792;0
26;"Holmestrand";32;"Gjerstad";101,587476666667;121,587476666667;0;586,975;352,185;16;2;194,6692;0
26;"Holmestrand";33;"Arendal";181,587476666667;201,587476666667;0;791,824;475,0944;16;2;275,2492;0
26;"Holmestrand";34;"Kristiansand";196,587476666667;216,587476666667;0;904,671;542,8026;16;2;322,9092;0
27;"Tønsberg";1;"Bergen";162,85786;162,33243;0;1095,351;657,2106;32;0,5;406,0766;0
27;"Tønsberg";2;"Arna";156,622526666667;156,097096666667;0;1073,391;644,0346;32;0,5;396,7266;0
27;"Tønsberg";3;"Tysse";150,473218333333;149,947788333333;0;1035,6;621,36;16;0,5;379,1506;0
27;"Tønsberg";4;"Kvam-Jondal";141,83416;141,30873;0;972,096;583,2576;16;0,5;351,7346;0
27;"Tønsberg";5;"Odda";132,782885;132,257455;0;899,959;539,9754;16;0,5;320,4806;0
27;"Tønsberg";6;"Røldal";122,740968333333;122,215538333333;0;813,775;488,265;16;0,5;284,6506;0
27;"Tønsberg";7;"Sauda";127,687501666667;125,198134166667;0;861,975;517,185;16;0,5;304,6626;0
27;"Tønsberg";8;"Ølen";137,425501666667;134,936134166667;0;937,431;562,4586;16;0,5;336,8526;0
27;"Tønsberg";9;"Aksdal";147,012043333333;144,522675833333;0;1013,1;607,86;16;0,5;369,1426;0
27;"Tønsberg";10;"Haugesund";151,145001666667;150,581509166667;0;1033,359;620,0154;16;0,5;378,8226;0
27;"Tønsberg";11;"Kårstø";149,105693333333;156,533224166667;0;1028,871;617,3226;16;0,5;376,8466;0
27;"Tønsberg";12;"Stavanger";162,155985;169,583515833333;0;1136,524;681,9144;16;0,5;425,9666;0
27;"Tønsberg";13;"Haukeligrend";107,29196;108,34196;0;669,471;401,6826;16;0;226,3226;0
27;"Tønsberg";14;"Åmot";97,3968933333333;98,4468933333333;0;581,751;349,0506;16;0;192,8986;0
27;"Tønsberg";15;"Brunkeberg";87,3479016666667;88,3979016666667;0;497,079;298,2474;16;0;160,2666;0
27;"Tønsberg";16;"Bø";76,5632116666667;77,6132116666667;0;399,375;239,625;16;0;124,4952;0
27;"Tønsberg";17;"Nordagutu";69,5731666666667;70,6231666666667;0;352,336;211,4016;24;0;107,61;0
27;"Tønsberg";18;"Skien";59;59;0;267,916;160,7496;48;0;77,18;0
27;"Tønsberg";19;"Notodden";47,761375;57,761375;0;380,076;228,0456;48;1;117,58;0
27;"Tønsberg";20;"Kongsberg";38,8957916666667;48,8957916666667;0;301,9;181,14;48;1;89,96;0
27;"Tønsberg";21;"Eiker";29,7676166666667;39,7676166666667;0;239,376;143,6256;48;1;67,742;0
27;"Tønsberg";22;"Drammen";24,75;24,75;0;210,636;126,3816;48;0;57,85;0
27;"Tønsberg";23;"Nesbru";33,3908333333333;39,4408333333333;0;273,6;164,16;48;0,5;79,86;0
27;"Tønsberg";24;"Majorstua";39,0200833333333;42,3375833333333;0;318,784;191,2704;48;0;95,16;0
27;"Tønsberg";25;"Oslo S";42,87625;46,19375;0;327,199;196,3194;48;0;98,68;0
27;"Tønsberg";26;"Holmestrand";13,1;13,1;0;117,324;70,3944;32;0;25,95;0
27;"Tønsberg";28;"Sandefjord";19;19;0;117,324;70,3944;48;0;25,31;0
27;"Tønsberg";29;"Larvik";37;37;0;172,975;103,785;48;0;44,45;0
27;"Tønsberg";30;"Porsgrunn";51,5;51,5;0;245,1;147,06;48;0;69,29;0
27;"Tønsberg";31;"Drangedal";105,563211666667;121,613211666667;0;513,111;307,8666;16;1;166,2558;0
27;"Tønsberg";32;"Gjerstad";130,563211666667;146,613211666667;0;597,399;358,4394;16;1;198,3458;0
27;"Tønsberg";33;"Arendal";210,563211666667;226,613211666667;0;799,159;479,4954;16;1;278,9258;0
27;"Tønsberg";34;"Kristiansand";225,563211666667;241,613211666667;0;914,071;548,4426;16;1;326,5858;0
28;"Sandefjord";1;"Bergen";140,85786;152,192485;0;1037,839;622,7034;16;0,5;380,7666;0
28;"Sandefjord";2;"Arna";134,622526666667;145,957151666667;0;1017,616;610,5696;16;0,5;371,4166;0
28;"Sandefjord";3;"Tysse";128,473218333333;139,807843333333;0;976,684;586,0104;12;0,5;353,8406;0
28;"Sandefjord";4;"Kvam-Jondal";119,83416;131,168785;0;914,071;548,4426;12;0,5;326,4246;0
28;"Sandefjord";5;"Odda";110,782885;122,11751;0;840,384;504,2304;12;0,5;295,1706;0
28;"Sandefjord";6;"Røldal";100,740968333333;112,075593333333;0;752,4;451,44;12;0,5;259,3406;0
28;"Sandefjord";7;"Sauda";105,687501666667;113,796439166667;0;801,6;480,96;12;0,5;279,3526;0
28;"Sandefjord";8;"Ølen";115,425501666667;123,534439166667;0;878,656;527,1936;12;0,5;311,5426;0
28;"Sandefjord";9;"Aksdal";125,012043333333;133,120980833333;0;953,664;572,1984;16;0,5;343,8326;0
28;"Sandefjord";10;"Haugesund";129,145001666667;139,179814166667;0;976,684;586,0104;16;0,5;353,5126;0
28;"Sandefjord";11;"Kårstø";127,105693333333;148,357216666667;0;972,096;583,2576;12;0,5;351,5366;"ic. Bø, 10min"
28;"Sandefjord";12;"Stavanger";140,155985;161,407508333333;0;1082,199;649,3194;16;0,5;400,6566;"ic. Bø, 10min"
28;"Sandefjord";13;"Haukeligrend";85,29196;86,34196;0;605,196;363,1176;16;0;201,0126;0
28;"Sandefjord";14;"Åmot";75,3968933333333;76,4468933333333;0;515,776;309,4656;16;0;167,5886;0
28;"Sandefjord";15;"Brunkeberg";65,3479016666667;66,3979016666667;0;426,775;256,065;16;0;134,9566;0
28;"Sandefjord";16;"Bø";54,5632116666667;55,6132116666667;0;330;198;16;0;99,1852;0
28;"Sandefjord";17;"Nordagutu";47,5731666666667;48,6231666666667;0;282,111;169,2666;24;0;82,3;0
28;"Sandefjord";18;"Skien";37;37;0;193,296;115,9776;48;0;51,87;0
28;"Sandefjord";19;"Notodden";53,8837716666667;54,9337716666667;0;332,799;199,6794;16;0;100,8388;0
28;"Sandefjord";20;"Kongsberg";58,9457916666667;68,9457916666667;0;374,544;224,7264;48;1;115,27;0
28;"Sandefjord";21;"Eiker";49,8176166666667;59,8176166666667;0;313,164;187,8984;48;1;93,052;0
28;"Sandefjord";22;"Drammen";44,8;44,8;0;284,944;170,9664;48;0;83,16;0
28;"Sandefjord";23;"Nesbru";53,4408333333333;59,4908333333333;0;346,764;208,0584;48;0,5;105,17;0
28;"Sandefjord";24;"Majorstua";59,0700833333333;62,3875833333333;0;388,359;233,0154;48;0;120,47;0
28;"Sandefjord";25;"Oslo S";62,92625;66,24375;0;396,624;237,9744;48;0;123,99;0
28;"Sandefjord";26;"Holmestrand";33,15;33,15;0;193,296;115,9776;32;0;51,26;0
28;"Sandefjord";27;"Tønsberg";19;19;0;117,324;70,3944;48;0;25,31;0
28;"Sandefjord";29;"Larvik";15;15;0;99,6;59,76;48;0;19,14;0
28;"Sandefjord";30;"Porsgrunn";29,5;29,5;0;170,064;102,0384;48;0;43,98;0
28;"Sandefjord";31;"Drangedal";83,5632116666667;99,6132116666667;0;443,119;265,8714;16;1;140,9458;0
28;"Sandefjord";32;"Gjerstad";108,563211666667;124,613211666667;0;531,724;319,0344;16;1;173,0358;0
28;"Sandefjord";33;"Arendal";188,563211666667;204,613211666667;0;737,484;442,4904;16;1;253,6158;0
28;"Sandefjord";34;"Kristiansand";203,563211666667;219,613211666667;0;854,796;512,8776;16;1;301,2758;0
29;"Larvik";1;"Bergen";122,85786;134,192485;0;994,956;596,9736;16;0,5;361,6266;0
29;"Larvik";2;"Arna";116,622526666667;127,957151666667;0;974,391;584,6346;16;0,5;352,2766;0
29;"Larvik";3;"Tysse";110,473218333333;121,807843333333;0;932,775;559,665;12;0,5;334,7006;0
29;"Larvik";4;"Kvam-Jondal";101,83416;113,168785;0;869,136;521,4816;12;0,5;307,2846;0
29;"Larvik";5;"Odda";92,782885;104,11751;0;794,271;476,5626;12;0,5;276,0306;0
29;"Larvik";6;"Røldal";82,7409683333333;94,0755933333333;0;704,919;422,9514;12;0,5;240,2006;0
29;"Larvik";7;"Sauda";87,6875016666667;95,7964391666667;0;754,879;452,9274;12;0,5;260,2126;0
29;"Larvik";8;"Ølen";97,4255016666667;105,534439166667;0;833,151;499,8906;12;0,5;292,4026;0
29;"Larvik";9;"Aksdal";107,012043333333;115,120980833333;0;909,375;545,625;16;0,5;324,6926;0
29;"Larvik";10;"Haugesund";111,145001666667;121,179814166667;0;932,775;559,665;16;0,5;334,3726;0
29;"Larvik";11;"Kårstø";109,105693333333;130,357216666667;0;928,111;556,8666;12;0,5;332,3966;"ic. Bø, 10min"
29;"Larvik";12;"Stavanger";122,155985;143,407508333333;0;1040,076;624,0456;16;0,5;381,5166;"ic. Bø, 10min"
29;"Larvik";13;"Haukeligrend";67,29196;68,34196;0;552,876;331,7256;16;0;181,8726;0
29;"Larvik";14;"Åmot";57,3968933333333;58,4468933333333;0;464,799;278,8794;16;0;148,4486;0
29;"Larvik";15;"Brunkeberg";47,3479016666667;48,3979016666667;0;374,544;224,7264;16;0;115,8166;0
29;"Larvik";16;"Bø";36,5632116666667;37,6132116666667;0;276,439;165,8634;16;0;80,0452;0
29;"Larvik";17;"Nordagutu";29,5731666666667;30,6231666666667;0;227,904;136,7424;24;0;63,16;0
29;"Larvik";18;"Skien";19;19;0;137,911;82,7466;48;0;32,73;0
29;"Larvik";19;"Notodden";35,8837716666667;36,9337716666667;0;279,276;167,5656;16;0;81,6988;0
29;"Larvik";20;"Kongsberg";46,057975;47,107975;0;357,9;214,74;16;0;109,191;0
29;"Larvik";21;"Eiker";53,52053;54,57053;0;366,231;219,7386;16;0;131,5368;0
29;"Larvik";22;"Drammen";57,8512716666667;58,9012716666667;0;338,391;203,0346;32;0;141,4288;0
29;"Larvik";23;"Nesbru";67,542105;73,592105;0;399,375;239,625;32;0,5;163,4388;0
29;"Larvik";24;"Majorstua";73,171355;76,488855;0;440,4;264,24;32;0;178,7388;0
29;"Larvik";25;"Oslo S";77,0275216666667;80,3450216666667;0;451,264;270,7584;32;0;182,2588;0
29;"Larvik";26;"Holmestrand";51,15;51,15;0;247,959;148,7754;32;0;70,4;0
29;"Larvik";27;"Tønsberg";37;37;0;172,975;103,785;48;0;44,45;0
29;"Larvik";28;"Sandefjord";15;15;0;99,6;59,76;48;0;19,14;0
29;"Larvik";30;"Porsgrunn";11,5;11,5;0;114,375;68,625;48;0;24,84;0
29;"Larvik";31;"Drangedal";65,5632116666667;81,6132116666667;0;391,116;234,6696;16;1;121,8058;0
29;"Larvik";32;"Gjerstad";90,5632116666667;106,613211666667;0;478,284;286,9704;16;1;153,8958;0
29;"Larvik";33;"Arendal";170,563211666667;186,613211666667;0;689,775;413,865;16;1;234,4758;0
29;"Larvik";34;"Kristiansand";185,563211666667;201,613211666667;0;808,911;485,3466;16;1;282,1358;0
30;"Porsgrunn";1;"Bergen";110,35786;121,692485;0;937,431;562,4586;16;0,5;336,7866;0
30;"Porsgrunn";2;"Arna";104,122526666667;115,457151666667;0;916,416;549,8496;16;0,5;327,4366;0
30;"Porsgrunn";3;"Tysse";97,9732183333334;109,307843333333;0;873,9;524,34;12;0,5;309,8606;0
30;"Porsgrunn";4;"Kvam-Jondal";89,33416;100,668785;0;808,911;485,3466;12;0,5;282,4446;0
30;"Porsgrunn";5;"Odda";80,282885;91,61751;0;732,496;439,4976;12;0,5;251,1906;0
30;"Porsgrunn";6;"Røldal";70,2409683333333;81,5755933333333;0;641,344;384,8064;12;0,5;215,3606;0
30;"Porsgrunn";7;"Sauda";75,1875016666667;83,2964391666667;0;692,304;415,3824;12;0,5;235,3726;0
30;"Porsgrunn";8;"Ølen";84,9255016666667;93,0344391666667;0;772,176;463,3056;12;0,5;267,5626;0
30;"Porsgrunn";9;"Aksdal";94,5120433333334;102,620980833333;0;850;510;16;0,5;299,8526;0
30;"Porsgrunn";10;"Haugesund";98,6450016666667;108,679814166667;0;873,9;524,34;16;0,5;309,5326;0
30;"Porsgrunn";11;"Kårstø";96,6056933333334;117,857216666667;0;869,136;521,4816;12;0,5;307,5566;"ic. Bø, 10min"
30;"Porsgrunn";12;"Stavanger";109,655985;130,907508333333;0;983,551;590,1306;16;0,5;356,6766;"ic. Bø, 10min"
30;"Porsgrunn";13;"Haukeligrend";54,79196;55,84196;0;489,036;293,4216;16;0;157,0326;0
30;"Porsgrunn";14;"Åmot";44,8968933333333;45,9468933333333;0;396,624;237,9744;16;0;123,6086;0
30;"Porsgrunn";15;"Brunkeberg";34,8479016666667;35,8979016666667;0;304,719;182,8314;16;0;90,9766;0
30;"Porsgrunn";16;"Bø";24,0632116666667;25,1132116666667;0;204,864;122,9184;16;0;55,2052;0
30;"Porsgrunn";17;"Nordagutu";17,0731666666667;18,1231666666667;0;155,479;93,2874;24;0;38,32;0
30;"Porsgrunn";18;"Skien";6,5;6,5;0;63,936;38,3616;48;0;7,89;0
30;"Porsgrunn";19;"Notodden";23,3837716666667;24,4337716666667;0;207,751;124,6506;16;0;56,8588;0
30;"Porsgrunn";20;"Kongsberg";33,557975;34,607975;0;287,775;172,665;16;0;84,351;0
30;"Porsgrunn";21;"Eiker";41,02053;42,07053;0;349,551;209,7306;16;0;106,6968;0
30;"Porsgrunn";22;"Drammen";45,3512716666667;46,4012716666667;0;377,311;226,3866;32;0;116,5888;0
30;"Porsgrunn";23;"Nesbru";55,042105;61,092105;0;437,679;262,6074;32;0,5;138,5988;0
30;"Porsgrunn";24;"Majorstua";60,671355;63,988855;0;478,284;286,9704;32;0;153,8988;0
30;"Porsgrunn";25;"Oslo S";64,5275216666667;67,8450216666667;0;489,036;293,4216;32;0;157,4188;0
30;"Porsgrunn";26;"Holmestrand";65,65;65,65;0;318,784;191,2704;32;0;95,24;0
30;"Porsgrunn";27;"Tønsberg";51,5;51,5;0;245,1;147,06;48;0;69,29;0
30;"Porsgrunn";28;"Sandefjord";29,5;29,5;0;170,064;102,0384;48;0;43,98;0
30;"Porsgrunn";29;"Larvik";11,5;11,5;0;114,375;68,625;48;0;24,84;0
30;"Porsgrunn";31;"Drangedal";53,0632116666667;69,1132116666667;0;321,591;192,9546;16;1;96,9658;0
30;"Porsgrunn";32;"Gjerstad";78,0632116666667;94,1132116666667;0;413,1;247,86;16;1;129,0558;0
30;"Porsgrunn";33;"Arendal";158,063211666667;174,113211666667;0;625,9;375,54;16;1;209,6358;0
30;"Porsgrunn";34;"Kristiansand";173,063211666667;189,113211666667;0;747,436;448,4616;16;1;257,2958;0
31;"Drangedal";1;"Bergen";116,768148333333;131,768148333333;0;907,024;544,2144;16;1;323,7136;0
31;"Drangedal";2;"Arna";110,532815;125,532815;0;885,775;531,465;16;1;314,3636;0
31;"Drangedal";3;"Tysse";104,383506666667;119,383506666667;0;842,791;505,6746;8;1;296,7876;0
31;"Drangedal";4;"Kvam-Jondal";95,7444483333334;110,744448333333;0;777,1;466,26;8;1;269,3716;0
31;"Drangedal";5;"Odda";86,6931733333333;101,693173333333;0;699,879;419,9274;8;1;238,1176;0
31;"Drangedal";6;"Røldal";76,6512566666667;91,6512566666667;0;607,791;364,6746;8;1;202,2876;0
31;"Drangedal";7;"Sauda";81,59779;93,336665;0;659,271;395,5626;8;1;222,2996;0
31;"Drangedal";8;"Ølen";91,33579;103,074665;0;739,975;443,985;8;1;254,4896;0
31;"Drangedal";9;"Aksdal";100,922331666667;109,400081666667;0;818,631;491,1786;16;1;286,7796;0
31;"Drangedal";10;"Haugesund";105,05529;115,458915;0;842,791;505,6746;16;1;296,4596;0
31;"Drangedal";11;"Kårstø";103,015981666667;124,671755;0;837,975;502,785;8;1;294,4836;0
31;"Drangedal";12;"Stavanger";116,066273333333;137,722046666667;0;953,664;572,1984;16;1;343,6036;0
31;"Drangedal";13;"Haukeligrend";61,2022483333333;78,3315608333333;0;451,264;270,7584;16;1;143,9596;0
31;"Drangedal";14;"Åmot";51,3071816666667;67,4258691666667;0;360,679;216,4074;16;1;110,5356;0
31;"Drangedal";15;"Brunkeberg";41,25819;56,25819;0;267,916;160,7496;16;1;77,9036;0
31;"Drangedal";16;"Bø";29;29;0;164,236;98,5416;16;0;41,52;0
31;"Drangedal";17;"Nordagutu";36,37045;51,37045;0;213,519;128,1114;8;1;58,584;0
31;"Drangedal";18;"Skien";46,4098666666667;61,4098666666667;0;301,9;181,14;16;1;89,014;0
31;"Drangedal";19;"Notodden";38,9933;48,9933;0;247,959;148,7754;16;1;70,95;0
31;"Drangedal";20;"Kongsberg";49,0520033333334;59,0520033333334;0;327,199;196,3194;16;1;98,4422000000001;0
31;"Drangedal";21;"Eiker";56,5145583333334;66,5145583333334;0;388,359;233,0154;16;1;120,788;0
31;"Drangedal";22;"Drammen";60,8453;70,8453;0;415,839;249,5034;16;1;130,68;0
31;"Drangedal";23;"Nesbru";70,5361333333333;80,5361333333333;0;475,591;285,3546;16;1;152,8436;0
31;"Drangedal";24;"Majorstua";76,1653833333334;88,4328833333334;0;515,776;309,4656;16;1;167,99;0
31;"Drangedal";25;"Oslo S";80,02155;92,28905;0;526,416;315,8496;16;1;171,51;0
31;"Drangedal";26;"Holmestrand";76,5953;96,5953;0;502,431;301,4586;16;2;162,58;0
31;"Drangedal";27;"Tønsberg";105,409866666667;121,459866666667;0;513,111;307,8666;16;1;166,194;0
31;"Drangedal";28;"Sandefjord";83,4098666666667;99,4598666666667;0;443,119;265,8714;16;1;140,884;0
31;"Drangedal";29;"Larvik";65,4098666666667;81,4598666666667;0;391,116;234,6696;16;1;121,744;0
31;"Drangedal";30;"Porsgrunn";52,9098666666667;68,9598666666667;0;321,591;192,9546;16;1;96,904;0
31;"Drangedal";32;"Gjerstad";24;24;0;137,911;82,7466;16;0;32,09;0
31;"Drangedal";33;"Arendal";104;104;0;366,231;219,7386;16;0;112,67;0
31;"Drangedal";34;"Kristiansand";119;119;0;497,079;298,2474;16;0;160,33;0
32;"Gjerstad";1;"Bergen";141,768148333333;156,768148333333;0;981,264;588,7584;16;1;355,8036;0
32;"Gjerstad";2;"Arna";135,532815;150,532815;0;960,591;576,3546;16;1;346,4536;0
32;"Gjerstad";3;"Tysse";129,383506666667;144,383506666667;0;918,759;551,2554;8;1;328,8776;0
32;"Gjerstad";4;"Kvam-Jondal";120,744448333333;135,744448333333;0;854,796;512,8776;8;1;301,4616;0
32;"Gjerstad";5;"Odda";111,693173333333;126,693173333333;0;779,559;467,7354;8;1;270,2076;0
32;"Gjerstad";6;"Røldal";101,651256666667;116,651256666667;0;689,775;413,865;8;1;234,3776;0
32;"Gjerstad";7;"Sauda";106,59779;118,336665;0;739,975;443,985;8;1;254,3896;0
32;"Gjerstad";8;"Ølen";116,33579;128,074665;0;818,631;491,1786;8;1;286,5796;0
32;"Gjerstad";9;"Aksdal";125,922331666667;134,400081666667;0;895,239;537,1434;16;1;318,8696;0
32;"Gjerstad";10;"Haugesund";130,05529;140,458915;0;918,759;551,2554;16;1;328,5496;0
32;"Gjerstad";11;"Kårstø";128,015981666667;149,671755;0;914,071;548,4426;8;1;326,5736;0
32;"Gjerstad";12;"Stavanger";141,066273333333;162,722046666667;0;1026,624;615,9744;16;1;375,6936;0
32;"Gjerstad";13;"Haukeligrend";86,2022483333333;103,331560833333;0;539,671;323,8026;16;1;176,0496;0
32;"Gjerstad";14;"Åmot";76,3071816666667;92,4258691666667;0;448,551;269,1306;16;1;142,6256;0
32;"Gjerstad";15;"Brunkeberg";66,25819;81,25819;0;357,9;214,74;16;1;109,9936;0
32;"Gjerstad";16;"Bø";54;54;0;256,524;153,9144;16;0;73,61;0
32;"Gjerstad";17;"Nordagutu";61,37045;76,37045;0;304,719;182,8314;8;1;90,674;0
32;"Gjerstad";18;"Skien";71,4098666666667;86,4098666666667;0;391,116;234,6696;16;1;121,104;0
32;"Gjerstad";19;"Notodden";63,9933;73,9933;0;341,184;204,7104;16;1;103,04;0
32;"Gjerstad";20;"Kongsberg";74,0520033333334;84,0520033333334;0;415,839;249,5034;16;1;130,5322;0
32;"Gjerstad";21;"Eiker";81,5145583333334;91,5145583333334;0;475,591;285,3546;16;1;152,878;0
32;"Gjerstad";22;"Drammen";85,8453;95,8453;0;502,431;301,4586;16;1;162,77;0
32;"Gjerstad";23;"Nesbru";95,5361333333333;105,536133333333;0;560,775;336,465;16;1;184,9336;0
32;"Gjerstad";24;"Majorstua";101,165383333333;113,432883333333;0;602,599;361,5594;16;1;200,2336;0
32;"Gjerstad";25;"Oslo S";105,02155;117,28905;0;610,384;366,2304;16;1;203,7536;0
32;"Gjerstad";26;"Holmestrand";101,5953;121,5953;0;586,975;352,185;16;2;194,67;0
32;"Gjerstad";27;"Tønsberg";130,409866666667;146,459866666667;0;597,399;358,4394;16;1;198,284;0
32;"Gjerstad";28;"Sandefjord";108,409866666667;124,459866666667;0;529,071;317,4426;16;1;172,974;0
32;"Gjerstad";29;"Larvik";90,4098666666667;106,459866666667;0;478,284;286,9704;16;1;153,834;0
32;"Gjerstad";30;"Porsgrunn";77,9098666666667;93,9598666666667;0;410,359;246,2154;16;1;128,994;0
32;"Gjerstad";31;"Drangedal";24;24;0;137,911;82,7466;16;0;32,09;0
32;"Gjerstad";33;"Arendal";74;74;0;276,439;165,8634;16;0;80,58;0
32;"Gjerstad";34;"Kristiansand";89;89;0;410,359;246,2154;16;0;128,24;0
33;"Arendal";1;"Bergen";221,768148333333;236,768148333333;0;1160,031;696,0186;16;1;436,3836;0
33;"Arendal";2;"Arna";215,532815;230,532815;0;1140,816;684,4896;16;1;427,0336;0
33;"Arendal";3;"Tysse";209,383506666667;224,383506666667;0;1101,9;661,14;8;1;409,4576;0
33;"Arendal";4;"Kvam-Jondal";200,744448333333;215,744448333333;0;1042,311;625,3866;8;1;382,0416;0
33;"Arendal";5;"Odda";191,693173333333;206,693173333333;0;969,799;581,8794;8;1;350,7876;0
33;"Arendal";6;"Røldal";181,651256666667;196,651256666667;0;885,775;531,465;8;1;314,9576;0
33;"Arendal";7;"Sauda";186,59779;198,336665;0;932,775;559,665;8;1;334,9696;0
33;"Arendal";8;"Ølen";196,33579;208,074665;0;1008,576;605,1456;8;1;367,1596;0
33;"Arendal";9;"Aksdal";205,922331666667;214,400081666667;0;1080;648;16;1;399,4496;0
33;"Arendal";10;"Haugesund";210,05529;220,458915;0;1101,9;661,14;16;1;409,1296;0
33;"Arendal";11;"Kårstø";208,015981666667;229,671755;0;1097,536;658,5216;8;1;407,1536;0
33;"Arendal";12;"Stavanger";221,066273333333;242,722046666667;0;1202,151;721,2906;16;1;456,2736;0
33;"Arendal";13;"Haukeligrend";166,202248333333;183,331560833333;0;744,951;446,9706;16;1;256,6296;0
33;"Arendal";14;"Åmot";156,307181666667;172,425869166667;0;661,824;397,0944;16;1;223,2056;0
33;"Arendal";15;"Brunkeberg";146,25819;161,25819;0;576,519;345,9114;16;1;190,5736;0
33;"Arendal";16;"Bø";134;134;0;480,975;288,585;16;0;154,19;0
33;"Arendal";17;"Nordagutu";141,37045;156,37045;0;526,416;315,8496;8;1;171,254;0
33;"Arendal";18;"Skien";151,409866666667;166,409866666667;0;605,196;363,1176;16;1;201,684;0
33;"Arendal";19;"Notodden";143,9933;153,9933;0;558,144;334,8864;16;1;183,62;0
33;"Arendal";20;"Kongsberg";154,052003333333;164,052003333333;0;631,056;378,6336;16;1;211,1122;0
33;"Arendal";21;"Eiker";161,514558333333;171,514558333333;0;687,244;412,3464;16;1;233,458;0
33;"Arendal";22;"Drammen";165,8453;175,8453;0;712,464;427,4784;16;1;243,35;0
33;"Arendal";23;"Nesbru";175,536133333333;185,536133333333;0;767,244;460,3464;16;1;265,5136;0
33;"Arendal";24;"Majorstua";181,165383333333;193,432883333333;0;804,039;482,4234;16;1;280,8136;0
33;"Arendal";25;"Oslo S";185,02155;197,28905;0;813,775;488,265;16;1;284,3336;0
33;"Arendal";26;"Holmestrand";181,5953;201,5953;0;791,824;475,0944;16;2;275,25;0
33;"Arendal";27;"Tønsberg";210,409866666667;226,459866666667;0;799,159;479,4954;16;1;278,864;0
33;"Arendal";28;"Sandefjord";188,409866666667;204,459866666667;0;737,484;442,4904;16;1;253,554;0
33;"Arendal";29;"Larvik";170,409866666667;186,459866666667;0;689,775;413,865;16;1;234,414;0
33;"Arendal";30;"Porsgrunn";157,909866666667;173,959866666667;0;625,9;375,54;16;1;209,574;0
33;"Arendal";31;"Drangedal";104;104;0;366,231;219,7386;16;0;112,67;0
33;"Arendal";32;"Gjerstad";74;74;0;276,439;165,8634;16;0;80,58;0
34;"Kristiansand";1;"Bergen";236,768148333333;251,768148333333;0;1259,775;755,865;16;1;484,0436;0
34;"Kristiansand";2;"Arna";230,532815;245,532815;0;1239,375;743,625;16;1;474,6936;0
34;"Kristiansand";3;"Tysse";224,383506666667;239,383506666667;0;1204,236;722,5416;8;1;457,1176;0
34;"Kristiansand";4;"Kvam-Jondal";215,744448333333;230,744448333333;0;1145,1;687,06;8;1;429,7016;0
34;"Kristiansand";5;"Odda";206,693173333333;221,693173333333;0;1077,799;646,6794;8;1;398,4476;0
34;"Kristiansand";6;"Røldal";196,651256666667;211,651256666667;0;997,231;598,3386;8;1;362,6176;0
34;"Kristiansand";7;"Sauda";201,59779;213,336665;0;1042,311;625,3866;8;1;382,6296;0
34;"Kristiansand";8;"Ølen";211,33579;223,074665;0;1112,775;667,665;8;1;414,8196;0
34;"Kristiansand";9;"Aksdal";220,922331666667;229,400081666667;0;1183,296;709,9776;16;1;447,1096;0
34;"Kristiansand";10;"Haugesund";225,05529;235,458915;0;1202,151;721,2906;16;1;456,7896;0
34;"Kristiansand";11;"Kårstø";223,015981666667;244,671755;0;1197,975;718,785;8;1;454,8136;0
34;"Kristiansand";12;"Stavanger";236,066273333333;257,722046666667;0;1297,984;778,7904;16;1;503,9336;0
34;"Kristiansand";13;"Haukeligrend";181,202248333333;198,331560833333;0;861,975;517,185;16;1;304,2896;0
34;"Kristiansand";14;"Åmot";171,307181666667;187,425869166667;0;779,559;467,7354;16;1;270,8656;0
34;"Kristiansand";15;"Brunkeberg";161,25819;176,25819;0;699,879;419,9274;16;1;238,2336;0
34;"Kristiansand";16;"Bø";149;149;0;605,196;363,1176;16;0;201,85;0
34;"Kristiansand";17;"Nordagutu";156,37045;171,37045;0;649,039;389,4234;8;1;218,914;0
34;"Kristiansand";18;"Skien";166,409866666667;181,409866666667;0;727,5;436,5;16;1;249,344;0
34;"Kristiansand";19;"Notodden";158,9933;168,9933;0;682,176;409,3056;16;1;231,28;0
34;"Kristiansand";20;"Kongsberg";169,052003333333;179,052003333333;0;749,919;449,9514;16;1;258,7722;0
34;"Kristiansand";21;"Eiker";176,514558333333;186,514558333333;0;806,476;483,8856;16;1;281,118;0
34;"Kristiansand";22;"Drammen";180,8453;190,8453;0;830,736;498,4416;16;1;291,01;0
34;"Kristiansand";23;"Nesbru";190,536133333333;200,536133333333;0;883,404;530,0424;16;1;313,1736;0
34;"Kristiansand";24;"Majorstua";196,165383333333;208,432883333333;0;918,759;551,2554;16;1;328,4736;0
34;"Kristiansand";25;"Oslo S";200,02155;212,28905;0;925,776;555,4656;16;1;331,9936;0
34;"Kristiansand";26;"Holmestrand";196,5953;216,5953;0;904,671;542,8026;16;2;322,91;0
34;"Kristiansand";27;"Tønsberg";225,409866666667;241,459866666667;0;914,071;548,4426;16;1;326,524;0
34;"Kristiansand";28;"Sandefjord";203,409866666667;219,459866666667;0;854,796;512,8776;16;1;301,214;0
34;"Kristiansand";29;"Larvik";185,409866666667;201,459866666667;0;808,911;485,3466;16;1;282,074;0
34;"Kristiansand";30;"Porsgrunn";172,909866666667;188,959866666667;0;747,436;448,4616;16;1;257,234;0
34;"Kristiansand";31;"Drangedal";119;119;0;497,079;298,2474;16;0;160,33;0
34;"Kristiansand";32;"Gjerstad";89;89;0;410,359;246,2154;16;0;128,24;0
